RatingId,UserId,UrbanTreasureId,RatingValue,CreatedAt
1,5,1,5,11/10/2024 2:35:06 PM
2,5,1,2,8/1/2024 2:35:06 PM
3,5,1,3,12/14/2024 2:35:06 PM
4,7,1,4,6/17/2024 2:35:06 PM
5,4,1,1,1/13/2025 2:35:06 PM
6,3,1,4,8/8/2024 2:35:06 PM
7,7,1,2,3/14/2025 2:35:06 PM
8,4,1,1,5/21/2024 2:35:06 PM
9,6,1,3,8/21/2024 2:35:06 PM
10,1,1,3,5/2/2024 2:35:06 PM
11,5,1,4,7/15/2024 2:35:06 PM
12,6,1,3,2/10/2025 2:35:06 PM
13,3,1,4,3/28/2025 2:35:06 PM
14,3,1,5,5/1/2024 2:35:06 PM
15,1,1,3,9/20/2024 2:35:06 PM
16,3,1,2,5/29/2024 2:35:06 PM
17,1,1,5,9/1/2024 2:35:06 PM
18,6,1,1,5/14/2024 2:35:06 PM
19,4,1,3,1/2/2025 2:35:06 PM
20,3,1,3,5/7/2024 2:35:06 PM
21,4,1,3,11/9/2024 2:35:06 PM
22,5,1,2,8/31/2024 2:35:06 PM
23,5,1,1,10/3/2024 2:35:06 PM
24,2,1,4,6/21/2024 2:35:06 PM
25,1,1,4,7/3/2024 2:35:06 PM
26,6,1,4,2/23/2025 2:35:06 PM
27,1,1,5,7/21/2024 2:35:06 PM
28,3,1,3,8/27/2024 2:35:06 PM
29,1,1,3,5/11/2024 2:35:06 PM
30,2,1,3,10/23/2024 2:35:06 PM
31,5,1,5,2/1/2025 2:35:06 PM
32,6,1,2,4/30/2024 2:35:06 PM
33,2,1,4,12/10/2024 2:35:06 PM
34,7,1,5,9/1/2024 2:35:06 PM
35,6,1,2,10/29/2024 2:35:06 PM
36,1,1,5,10/5/2024 2:35:06 PM
37,2,1,2,8/23/2024 2:35:06 PM
38,2,1,1,4/8/2024 2:35:06 PM
39,2,1,3,6/14/2024 2:35:06 PM
40,6,1,1,10/5/2024 2:35:06 PM
41,5,1,4,10/20/2024 2:35:06 PM
42,3,1,4,1/12/2025 2:35:06 PM
43,5,1,2,12/23/2024 2:35:06 PM
44,7,1,2,4/22/2024 2:35:06 PM
45,7,1,4,2/25/2025 2:35:06 PM
46,1,1,4,7/24/2024 2:35:06 PM
47,1,1,1,8/29/2024 2:35:06 PM
48,3,1,2,4/5/2024 2:35:06 PM
49,2,1,1,3/31/2024 2:35:06 PM
50,2,1,5,8/26/2024 2:35:06 PM
51,6,1,5,12/17/2024 2:35:06 PM
52,1,1,2,12/29/2024 2:35:06 PM
53,6,1,5,1/30/2025 2:35:06 PM
54,5,1,3,11/3/2024 2:35:06 PM
55,3,1,5,9/12/2024 2:35:06 PM
56,2,1,5,8/22/2024 2:35:06 PM
57,3,1,3,5/17/2024 2:35:06 PM
58,4,1,5,2/24/2025 2:35:06 PM
59,1,1,3,3/30/2024 2:35:06 PM
60,3,1,3,2/6/2025 2:35:06 PM
61,3,1,1,9/7/2024 2:35:06 PM
62,4,1,5,2/22/2025 2:35:06 PM
63,4,1,1,12/25/2024 2:35:06 PM
64,5,1,1,9/28/2024 2:35:06 PM
65,7,1,2,9/7/2024 2:35:06 PM
66,6,1,1,10/16/2024 2:35:06 PM
67,6,1,4,8/30/2024 2:35:06 PM
68,7,1,5,9/11/2024 2:35:06 PM
69,3,1,2,7/1/2024 2:35:06 PM
70,5,1,2,1/17/2025 2:35:06 PM
71,2,1,5,6/14/2024 2:35:06 PM
72,2,1,1,6/18/2024 2:35:06 PM
73,7,1,5,12/25/2024 2:35:06 PM
74,3,1,5,7/16/2024 2:35:06 PM
75,6,1,4,7/20/2024 2:35:06 PM
76,1,1,4,3/2/2025 2:35:06 PM
77,5,1,3,3/27/2025 2:35:06 PM
78,1,1,4,7/9/2024 2:35:06 PM
79,1,1,2,8/27/2024 2:35:06 PM
80,3,1,2,5/30/2024 2:35:06 PM
81,6,1,4,8/4/2024 2:35:06 PM
82,6,1,2,9/16/2024 2:35:06 PM
83,7,1,5,3/7/2025 2:35:06 PM
84,5,1,2,7/15/2024 2:35:06 PM
85,2,1,1,5/1/2024 2:35:06 PM
86,7,1,2,2/11/2025 2:35:06 PM
87,4,1,4,11/16/2024 2:35:06 PM
88,3,1,1,8/1/2024 2:35:06 PM
89,6,1,5,9/23/2024 2:35:06 PM
90,1,1,5,4/13/2024 2:35:06 PM
91,3,1,1,7/25/2024 2:35:06 PM
92,7,1,1,12/24/2024 2:35:06 PM
93,3,1,2,8/31/2024 2:35:06 PM
94,2,1,1,11/6/2024 2:35:06 PM
95,3,1,3,2/8/2025 2:35:06 PM
96,6,1,4,5/6/2024 2:35:06 PM
97,2,1,2,6/10/2024 2:35:06 PM
98,1,1,2,4/8/2024 2:35:06 PM
99,1,1,5,2/13/2025 2:35:06 PM
100,2,1,1,1/5/2025 2:35:06 PM
101,4,1,3,6/30/2024 2:35:06 PM
102,1,1,3,4/3/2024 2:35:06 PM
103,3,1,1,11/12/2024 2:35:06 PM
104,6,1,1,10/2/2024 2:35:06 PM
105,7,1,1,1/19/2025 2:35:06 PM
106,2,1,5,7/18/2024 2:35:06 PM
107,3,1,4,4/9/2024 2:35:06 PM
108,7,1,1,3/26/2025 2:35:06 PM
109,1,1,4,11/19/2024 2:35:06 PM
110,4,1,3,7/19/2024 2:35:06 PM
111,3,1,5,3/20/2025 2:35:06 PM
112,3,1,5,11/3/2024 2:35:06 PM
113,6,1,5,4/29/2024 2:35:06 PM
114,4,1,4,3/23/2025 2:35:06 PM
115,5,1,5,7/3/2024 2:35:06 PM
116,3,1,5,5/14/2024 2:35:06 PM
117,5,1,4,7/6/2024 2:35:06 PM
118,6,1,5,12/29/2024 2:35:06 PM
119,5,1,1,11/17/2024 2:35:06 PM
120,7,1,2,3/4/2025 2:35:06 PM
121,1,1,1,8/22/2024 2:35:06 PM
122,4,1,5,11/11/2024 2:35:06 PM
123,6,1,4,6/30/2024 2:35:06 PM
124,1,1,5,3/9/2025 2:35:06 PM
125,2,1,2,4/2/2024 2:35:06 PM
126,5,1,4,11/27/2024 2:35:06 PM
127,2,1,1,7/13/2024 2:35:06 PM
128,4,1,2,3/20/2025 2:35:06 PM
129,1,1,5,10/28/2024 2:35:06 PM
130,7,1,4,2/17/2025 2:35:06 PM
131,2,1,4,10/30/2024 2:35:06 PM
132,3,1,4,10/18/2024 2:35:06 PM
133,1,1,5,3/9/2025 2:35:06 PM
134,5,1,3,7/2/2024 2:35:06 PM
135,5,1,2,3/21/2025 2:35:06 PM
136,3,1,3,3/23/2025 2:35:06 PM
137,6,1,4,4/5/2024 2:35:06 PM
138,5,1,2,1/10/2025 2:35:06 PM
139,3,1,4,6/27/2024 2:35:06 PM
140,7,1,3,2/25/2025 2:35:06 PM
141,4,1,2,11/28/2024 2:35:06 PM
142,1,1,2,5/19/2024 2:35:06 PM
143,3,1,1,4/3/2024 2:35:06 PM
144,2,1,5,1/24/2025 2:35:06 PM
145,5,1,1,2/25/2025 2:35:06 PM
146,3,1,1,11/15/2024 2:35:06 PM
147,3,1,1,2/5/2025 2:35:06 PM
148,3,1,4,9/30/2024 2:35:06 PM
149,5,1,2,8/20/2024 2:35:06 PM
150,2,1,5,7/26/2024 2:35:06 PM
151,1,1,2,3/4/2025 2:35:06 PM
152,3,1,3,2/13/2025 2:35:06 PM
153,3,1,4,11/27/2024 2:35:06 PM
154,4,1,4,4/27/2024 2:35:06 PM
155,6,1,5,11/25/2024 2:35:06 PM
156,6,1,1,5/24/2024 2:35:06 PM
157,5,1,3,10/16/2024 2:35:06 PM
158,3,1,3,7/19/2024 2:35:06 PM
159,5,1,1,10/9/2024 2:35:06 PM
160,1,1,1,7/29/2024 2:35:06 PM
161,3,1,5,2/27/2025 2:35:06 PM
162,3,1,1,5/20/2024 2:35:06 PM
163,1,1,5,12/1/2024 2:35:06 PM
164,2,1,3,6/15/2024 2:35:06 PM
165,6,1,4,5/10/2024 2:35:06 PM
166,4,1,1,11/19/2024 2:35:06 PM
167,4,1,4,9/6/2024 2:35:06 PM
168,7,1,2,6/10/2024 2:35:06 PM
169,2,1,3,10/1/2024 2:35:06 PM
170,7,1,4,4/1/2024 2:35:06 PM
171,5,1,5,10/26/2024 2:35:06 PM
172,5,1,3,11/18/2024 2:35:06 PM
173,1,1,4,11/1/2024 2:35:06 PM
174,1,1,1,9/21/2024 2:35:06 PM
175,3,1,2,9/20/2024 2:35:06 PM
176,2,1,1,10/30/2024 2:35:06 PM
177,1,1,4,12/17/2024 2:35:06 PM
178,5,1,1,10/12/2024 2:35:06 PM
179,3,1,3,12/11/2024 2:35:06 PM
180,4,1,4,2/9/2025 2:35:06 PM
181,1,1,5,3/26/2025 2:35:06 PM
182,6,1,4,4/1/2024 2:35:06 PM
183,6,1,1,4/11/2024 2:35:06 PM
184,6,1,3,6/18/2024 2:35:06 PM
185,3,1,1,10/14/2024 2:35:06 PM
186,6,1,1,1/26/2025 2:35:06 PM
187,7,1,1,3/2/2025 2:35:06 PM
188,7,1,3,12/31/2024 2:35:06 PM
189,6,1,4,7/7/2024 2:35:06 PM
190,7,1,1,8/17/2024 2:35:06 PM
191,6,1,4,12/24/2024 2:35:06 PM
192,7,1,3,11/15/2024 2:35:06 PM
193,5,1,4,9/15/2024 2:35:06 PM
194,4,1,4,8/3/2024 2:35:06 PM
195,6,1,1,11/29/2024 2:35:06 PM
196,6,1,1,11/5/2024 2:35:06 PM
197,1,1,1,2/3/2025 2:35:06 PM
198,6,1,1,1/26/2025 2:35:06 PM
199,6,1,2,9/11/2024 2:35:06 PM
200,3,1,2,8/19/2024 2:35:06 PM
201,5,1,3,3/31/2024 2:35:06 PM
202,4,1,2,8/2/2024 2:35:06 PM
203,2,1,3,9/7/2024 2:35:06 PM
204,5,1,3,12/26/2024 2:35:06 PM
205,4,1,1,3/8/2025 2:35:06 PM
206,3,1,1,7/10/2024 2:35:06 PM
207,4,1,2,5/25/2024 2:35:06 PM
208,4,1,1,5/31/2024 2:35:06 PM
209,4,1,3,10/26/2024 2:35:06 PM
210,6,1,1,11/12/2024 2:35:06 PM
211,6,1,4,8/12/2024 2:35:06 PM
212,2,1,5,11/16/2024 2:35:06 PM
213,4,1,1,1/4/2025 2:35:06 PM
214,7,1,1,3/16/2025 2:35:06 PM
215,6,1,1,4/12/2024 2:35:06 PM
216,4,1,5,4/20/2024 2:35:06 PM
217,1,1,4,12/16/2024 2:35:06 PM
218,2,1,3,5/14/2024 2:35:06 PM
219,4,1,3,8/30/2024 2:35:06 PM
220,7,1,2,9/15/2024 2:35:06 PM
221,3,1,5,5/31/2024 2:35:06 PM
222,2,1,1,12/22/2024 2:35:06 PM
223,5,1,2,7/16/2024 2:35:06 PM
224,2,1,4,9/19/2024 2:35:06 PM
225,2,1,1,4/22/2024 2:35:06 PM
226,3,1,4,11/13/2024 2:35:06 PM
227,4,1,5,1/3/2025 2:35:06 PM
228,1,1,5,3/10/2025 2:35:06 PM
229,1,1,3,1/3/2025 2:35:06 PM
230,5,1,2,1/7/2025 2:35:06 PM
231,5,1,3,3/26/2025 2:35:06 PM
232,3,1,5,8/1/2024 2:35:06 PM
233,7,1,2,8/17/2024 2:35:06 PM
234,4,1,4,10/23/2024 2:35:06 PM
235,1,1,2,12/27/2024 2:35:06 PM
236,6,1,3,9/19/2024 2:35:06 PM
237,5,1,5,11/8/2024 2:35:06 PM
238,5,1,5,1/21/2025 2:35:06 PM
239,5,1,3,8/20/2024 2:35:06 PM
240,4,1,5,9/11/2024 2:35:06 PM
241,1,1,3,12/9/2024 2:35:06 PM
242,6,1,1,9/4/2024 2:35:06 PM
243,3,1,4,3/9/2025 2:35:06 PM
244,6,1,5,4/7/2024 2:35:06 PM
245,4,1,5,12/26/2024 2:35:06 PM
246,3,1,2,12/3/2024 2:35:06 PM
247,3,1,4,8/31/2024 2:35:06 PM
248,2,1,2,8/31/2024 2:35:06 PM
249,2,1,2,2/15/2025 2:35:06 PM
250,3,1,4,4/7/2024 2:35:06 PM
251,1,1,1,6/22/2024 2:35:06 PM
252,4,1,1,9/16/2024 2:35:06 PM
253,6,1,1,1/12/2025 2:35:06 PM
254,4,1,3,1/31/2025 2:35:06 PM
255,4,1,3,4/16/2024 2:35:06 PM
256,2,1,3,2/24/2025 2:35:06 PM
257,1,1,5,3/10/2025 2:35:06 PM
258,4,1,2,12/25/2024 2:35:06 PM
259,5,1,5,6/24/2024 2:35:06 PM
260,3,1,2,3/8/2025 2:35:06 PM
261,5,1,5,8/12/2024 2:35:06 PM
262,7,1,4,3/22/2025 2:35:06 PM
263,2,1,4,3/1/2025 2:35:06 PM
264,1,1,2,12/15/2024 2:35:06 PM
265,6,1,4,2/7/2025 2:35:06 PM
266,7,1,5,9/14/2024 2:35:06 PM
267,4,1,2,6/23/2024 2:35:06 PM
268,1,1,3,6/30/2024 2:35:06 PM
269,3,1,5,7/23/2024 2:35:06 PM
270,5,1,5,5/15/2024 2:35:06 PM
271,7,1,2,6/7/2024 2:35:06 PM
272,4,1,3,9/28/2024 2:35:06 PM
273,1,1,4,4/24/2024 2:35:06 PM
274,2,1,4,10/26/2024 2:35:06 PM
275,5,1,3,6/19/2024 2:35:06 PM
276,5,1,5,2/13/2025 2:35:06 PM
277,3,1,3,11/4/2024 2:35:06 PM
278,1,1,1,1/4/2025 2:35:06 PM
279,1,1,1,9/13/2024 2:35:06 PM
280,7,1,4,7/6/2024 2:35:06 PM
281,4,1,5,2/25/2025 2:35:06 PM
282,1,1,3,11/23/2024 2:35:06 PM
283,3,1,2,8/7/2024 2:35:06 PM
284,3,1,1,10/24/2024 2:35:06 PM
285,2,1,1,5/3/2024 2:35:06 PM
286,6,1,1,1/17/2025 2:35:06 PM
287,1,1,5,1/13/2025 2:35:06 PM
288,3,1,5,7/4/2024 2:35:06 PM
289,2,1,1,8/7/2024 2:35:06 PM
290,4,1,1,12/11/2024 2:35:06 PM
291,2,1,1,2/25/2025 2:35:06 PM
292,4,1,5,7/30/2024 2:35:06 PM
293,3,1,5,12/19/2024 2:35:06 PM
294,3,1,5,11/29/2024 2:35:06 PM
295,6,1,1,9/28/2024 2:35:06 PM
296,6,1,3,5/29/2024 2:35:06 PM
297,1,1,2,7/27/2024 2:35:06 PM
298,1,1,2,9/9/2024 2:35:06 PM
299,7,1,3,1/17/2025 2:35:06 PM
300,1,1,1,4/27/2024 2:35:06 PM
301,5,1,2,4/7/2024 2:35:06 PM
302,5,1,4,11/2/2024 2:35:06 PM
303,1,1,1,5/31/2024 2:35:06 PM
304,6,1,1,10/15/2024 2:35:06 PM
305,2,1,3,4/12/2024 2:35:06 PM
306,1,1,1,8/12/2024 2:35:06 PM
307,4,1,2,10/31/2024 2:35:06 PM
308,1,1,1,10/31/2024 2:35:06 PM
309,7,1,5,7/25/2024 2:35:06 PM
310,7,1,2,10/13/2024 2:35:06 PM
311,6,1,3,2/22/2025 2:35:06 PM
312,3,1,2,7/11/2024 2:35:06 PM
313,7,1,5,1/4/2025 2:35:06 PM
314,4,1,5,7/21/2024 2:35:06 PM
315,1,1,5,4/1/2024 2:35:06 PM
316,6,1,5,7/15/2024 2:35:06 PM
317,7,1,3,12/16/2024 2:35:06 PM
318,3,1,5,8/5/2024 2:35:06 PM
319,1,1,3,1/30/2025 2:35:06 PM
320,7,1,2,6/19/2024 2:35:06 PM
321,7,1,5,9/17/2024 2:35:06 PM
322,2,1,2,8/30/2024 2:35:06 PM
323,2,1,5,12/12/2024 2:35:06 PM
324,5,1,1,6/25/2024 2:35:06 PM
325,3,1,4,6/5/2024 2:35:06 PM
326,2,1,2,11/10/2024 2:35:06 PM
327,1,1,3,8/3/2024 2:35:06 PM
328,3,1,1,8/17/2024 2:35:06 PM
329,3,1,1,2/16/2025 2:35:06 PM
330,7,1,3,4/30/2024 2:35:06 PM
331,2,1,3,4/11/2024 2:35:06 PM
332,6,1,3,11/27/2024 2:35:06 PM
333,4,1,3,3/8/2025 2:35:06 PM
334,4,1,2,5/31/2024 2:35:06 PM
335,2,1,5,1/2/2025 2:35:06 PM
336,2,1,3,7/3/2024 2:35:06 PM
337,6,1,2,12/27/2024 2:35:06 PM
338,6,1,4,12/21/2024 2:35:06 PM
339,7,1,1,6/29/2024 2:35:06 PM
340,1,1,3,11/27/2024 2:35:06 PM
341,7,1,5,4/23/2024 2:35:06 PM
342,6,1,4,6/9/2024 2:35:06 PM
343,7,1,5,1/19/2025 2:35:06 PM
344,2,1,3,1/8/2025 2:35:06 PM
345,1,1,2,4/24/2024 2:35:06 PM
346,2,1,1,2/13/2025 2:35:06 PM
347,3,1,1,2/24/2025 2:35:06 PM
348,6,1,2,1/27/2025 2:35:06 PM
349,6,1,3,3/20/2025 2:35:06 PM
350,4,1,5,12/23/2024 2:35:06 PM
351,3,1,4,4/20/2024 2:35:06 PM
352,5,1,5,9/15/2024 2:35:06 PM
353,7,1,5,8/16/2024 2:35:06 PM
354,4,1,3,1/4/2025 2:35:06 PM
355,3,1,4,10/1/2024 2:35:06 PM
356,1,1,2,1/20/2025 2:35:06 PM
357,7,1,2,12/7/2024 2:35:06 PM
358,5,1,1,5/17/2024 2:35:06 PM
359,4,1,4,10/4/2024 2:35:06 PM
360,3,1,3,9/30/2024 2:35:06 PM
361,6,1,2,5/15/2024 2:35:06 PM
362,4,1,2,8/23/2024 2:35:06 PM
363,1,1,1,7/10/2024 2:35:06 PM
364,6,1,3,1/5/2025 2:35:06 PM
365,1,1,3,5/17/2024 2:35:06 PM
366,3,1,5,11/26/2024 2:35:06 PM
367,2,1,1,8/6/2024 2:35:06 PM
368,4,1,1,4/9/2024 2:35:06 PM
369,1,1,5,12/20/2024 2:35:06 PM
370,2,1,5,12/26/2024 2:35:06 PM
371,1,1,2,10/9/2024 2:35:06 PM
372,4,1,2,9/22/2024 2:35:06 PM
373,5,1,1,6/28/2024 2:35:06 PM
374,4,1,5,11/17/2024 2:35:06 PM
375,6,1,1,3/1/2025 2:35:06 PM
376,3,1,4,4/25/2024 2:35:06 PM
377,7,1,2,11/12/2024 2:35:06 PM
378,2,1,3,5/1/2024 2:35:06 PM
379,3,1,4,5/9/2024 2:35:06 PM
380,3,1,1,5/29/2024 2:35:06 PM
381,1,1,5,5/7/2024 2:35:06 PM
382,2,1,1,2/11/2025 2:35:06 PM
383,6,1,1,2/15/2025 2:35:06 PM
384,5,1,3,2/10/2025 2:35:06 PM
385,4,1,4,9/24/2024 2:35:06 PM
386,1,1,4,11/11/2024 2:35:06 PM
387,1,1,5,4/21/2024 2:35:06 PM
388,2,1,4,6/8/2024 2:35:06 PM
389,2,1,1,12/20/2024 2:35:06 PM
390,2,1,3,7/7/2024 2:35:06 PM
391,3,1,2,11/8/2024 2:35:06 PM
392,7,1,1,8/14/2024 2:35:06 PM
393,7,1,2,5/1/2024 2:35:06 PM
394,5,1,3,10/28/2024 2:35:06 PM
395,4,1,5,5/28/2024 2:35:06 PM
396,7,1,1,3/4/2025 2:35:06 PM
397,6,1,2,8/27/2024 2:35:06 PM
398,7,1,4,4/8/2024 2:35:06 PM
399,6,1,2,2/17/2025 2:35:06 PM
400,5,1,1,8/17/2024 2:35:06 PM
401,6,1,1,7/22/2024 2:35:06 PM
402,3,1,5,2/19/2025 2:35:06 PM
403,4,1,5,10/1/2024 2:35:06 PM
404,4,1,2,11/2/2024 2:35:06 PM
405,4,1,1,1/25/2025 2:35:06 PM
406,7,1,3,7/21/2024 2:35:06 PM
407,7,1,3,12/18/2024 2:35:06 PM
408,5,1,1,6/13/2024 2:35:06 PM
409,4,1,4,3/8/2025 2:35:06 PM
410,2,1,4,5/14/2024 2:35:06 PM
411,4,1,1,7/15/2024 2:35:06 PM
412,7,1,3,12/2/2024 2:35:06 PM
413,1,1,2,11/5/2024 2:35:06 PM
414,6,1,3,1/30/2025 2:35:06 PM
415,4,1,5,4/14/2024 2:35:06 PM
416,7,1,1,5/15/2024 2:35:06 PM
417,6,1,3,1/27/2025 2:35:06 PM
418,6,1,3,9/2/2024 2:35:06 PM
419,1,1,5,1/7/2025 2:35:06 PM
420,7,1,1,5/7/2024 2:35:06 PM
421,5,1,2,2/1/2025 2:35:06 PM
422,4,1,4,1/15/2025 2:35:06 PM
423,6,1,2,10/11/2024 2:35:06 PM
424,5,1,1,11/3/2024 2:35:06 PM
425,1,1,1,12/23/2024 2:35:06 PM
426,2,1,3,5/14/2024 2:35:06 PM
427,1,1,4,10/20/2024 2:35:06 PM
428,6,1,5,12/21/2024 2:35:06 PM
429,5,1,5,7/19/2024 2:35:06 PM
430,3,1,3,2/25/2025 2:35:06 PM
431,6,1,1,5/21/2024 2:35:06 PM
432,3,1,2,6/1/2024 2:35:06 PM
433,6,1,3,12/1/2024 2:35:06 PM
434,2,1,5,9/24/2024 2:35:06 PM
435,7,1,1,3/31/2024 2:35:06 PM
436,3,1,1,8/3/2024 2:35:06 PM
437,7,1,4,3/16/2025 2:35:06 PM
438,4,1,3,4/27/2024 2:35:06 PM
439,3,1,1,5/29/2024 2:35:06 PM
440,5,1,5,10/10/2024 2:35:06 PM
441,7,1,4,9/23/2024 2:35:06 PM
442,4,1,4,9/18/2024 2:35:06 PM
443,3,1,5,1/7/2025 2:35:06 PM
444,7,1,2,2/26/2025 2:35:06 PM
445,1,1,3,9/24/2024 2:35:06 PM
446,1,1,2,10/23/2024 2:35:06 PM
447,5,1,3,4/12/2024 2:35:06 PM
448,3,1,5,3/28/2025 2:35:06 PM
449,7,1,1,5/26/2024 2:35:06 PM
450,4,1,2,6/21/2024 2:35:06 PM
451,3,1,5,6/23/2024 2:35:06 PM
452,6,1,2,12/24/2024 2:35:06 PM
453,4,1,2,10/23/2024 2:35:06 PM
454,5,1,2,3/6/2025 2:35:06 PM
455,2,1,1,3/13/2025 2:35:06 PM
456,7,1,3,10/10/2024 2:35:06 PM
457,3,1,3,12/10/2024 2:35:06 PM
458,6,1,3,6/4/2024 2:35:06 PM
459,3,1,2,8/22/2024 2:35:06 PM
460,7,1,3,3/24/2025 2:35:06 PM
461,3,1,5,11/27/2024 2:35:06 PM
462,6,1,2,12/13/2024 2:35:06 PM
463,4,1,2,6/6/2024 2:35:06 PM
464,1,1,2,2/7/2025 2:35:06 PM
465,3,1,2,4/6/2024 2:35:06 PM
466,5,1,5,6/16/2024 2:35:06 PM
467,7,1,2,12/6/2024 2:35:06 PM
468,1,1,2,3/21/2025 2:35:06 PM
469,3,1,4,8/9/2024 2:35:06 PM
470,6,1,4,3/11/2025 2:35:06 PM
471,3,1,1,6/27/2024 2:35:06 PM
472,4,1,1,6/1/2024 2:35:06 PM
473,7,1,3,6/17/2024 2:35:06 PM
474,2,1,2,10/14/2024 2:35:06 PM
475,7,1,2,12/21/2024 2:35:06 PM
476,6,1,5,7/11/2024 2:35:06 PM
477,5,1,5,6/2/2024 2:35:06 PM
478,1,1,4,1/6/2025 2:35:06 PM
479,1,1,2,3/2/2025 2:35:06 PM
480,5,1,1,7/10/2024 2:35:06 PM
481,3,1,3,11/29/2024 2:35:06 PM
482,2,1,5,8/10/2024 2:35:06 PM
483,3,1,1,11/30/2024 2:35:06 PM
484,2,1,4,8/14/2024 2:35:06 PM
485,6,1,4,5/28/2024 2:35:06 PM
486,1,1,2,3/20/2025 2:35:06 PM
487,4,1,4,2/26/2025 2:35:06 PM
488,4,1,4,12/4/2024 2:35:06 PM
489,6,1,1,12/26/2024 2:35:06 PM
490,2,1,5,7/11/2024 2:35:06 PM
491,3,1,4,11/25/2024 2:35:06 PM
492,5,1,5,1/26/2025 2:35:06 PM
493,5,1,3,1/30/2025 2:35:06 PM
494,6,1,2,2/24/2025 2:35:06 PM
495,6,1,3,9/19/2024 2:35:06 PM
496,5,1,1,5/23/2024 2:35:06 PM
497,4,1,2,11/1/2024 2:35:06 PM
498,2,1,4,11/20/2024 2:35:06 PM
499,2,1,1,1/21/2025 2:35:06 PM
500,4,1,2,4/12/2024 2:35:06 PM
501,3,1,2,5/11/2024 2:35:06 PM
502,3,1,2,10/20/2024 2:35:06 PM
503,2,1,2,6/14/2024 2:35:06 PM
504,5,1,3,4/18/2024 2:35:06 PM
505,7,1,2,8/4/2024 2:35:06 PM
506,6,1,4,7/17/2024 2:35:06 PM
507,6,1,2,3/29/2025 2:35:06 PM
508,3,1,1,3/21/2025 2:35:06 PM
509,6,1,1,6/9/2024 2:35:06 PM
510,5,1,4,3/1/2025 2:35:06 PM
511,4,1,1,2/18/2025 2:35:06 PM
512,3,1,4,6/21/2024 2:35:06 PM
513,6,1,2,7/11/2024 2:35:06 PM
514,7,1,1,4/26/2024 2:35:06 PM
515,1,1,4,3/26/2025 2:35:06 PM
516,4,1,5,1/26/2025 2:35:06 PM
517,4,1,5,6/30/2024 2:35:06 PM
518,2,1,4,7/12/2024 2:35:06 PM
519,2,1,5,2/14/2025 2:35:06 PM
520,5,1,3,9/8/2024 2:35:06 PM
521,7,1,3,5/7/2024 2:35:06 PM
522,3,1,2,9/20/2024 2:35:06 PM
523,3,1,2,8/12/2024 2:35:06 PM
524,2,1,5,2/25/2025 2:35:06 PM
525,2,1,3,2/5/2025 2:35:06 PM
526,3,1,5,2/10/2025 2:35:06 PM
527,2,1,1,7/9/2024 2:35:06 PM
528,5,1,4,12/16/2024 2:35:06 PM
529,2,1,2,5/27/2024 2:35:06 PM
530,7,1,5,2/1/2025 2:35:06 PM
531,5,1,2,12/12/2024 2:35:06 PM
532,4,1,2,12/16/2024 2:35:06 PM
533,1,1,1,7/18/2024 2:35:06 PM
534,1,1,3,8/27/2024 2:35:06 PM
535,5,1,1,1/22/2025 2:35:06 PM
536,2,1,3,1/3/2025 2:35:06 PM
537,6,1,2,6/21/2024 2:35:06 PM
538,1,1,2,6/7/2024 2:35:06 PM
539,5,1,3,9/24/2024 2:35:06 PM
540,2,1,2,2/2/2025 2:35:06 PM
541,7,1,5,1/23/2025 2:35:06 PM
542,2,1,2,10/31/2024 2:35:06 PM
543,1,1,5,12/17/2024 2:35:06 PM
544,7,1,2,3/13/2025 2:35:06 PM
545,3,1,2,7/14/2024 2:35:06 PM
546,6,1,5,2/3/2025 2:35:06 PM
547,1,1,4,8/6/2024 2:35:06 PM
548,2,1,3,1/30/2025 2:35:06 PM
549,7,1,2,2/5/2025 2:35:06 PM
550,1,1,2,8/30/2024 2:35:06 PM
551,6,1,2,9/27/2024 2:35:06 PM
552,1,1,4,3/15/2025 2:35:06 PM
553,1,1,4,5/1/2024 2:35:06 PM
554,4,1,5,6/24/2024 2:35:06 PM
555,6,1,4,5/9/2024 2:35:06 PM
556,4,1,2,8/19/2024 2:35:06 PM
557,2,1,1,9/8/2024 2:35:06 PM
558,1,1,4,11/30/2024 2:35:06 PM
559,3,1,4,9/15/2024 2:35:06 PM
560,6,1,1,8/7/2024 2:35:06 PM
561,1,1,4,2/6/2025 2:35:06 PM
562,1,1,5,6/4/2024 2:35:06 PM
563,5,1,1,9/12/2024 2:35:06 PM
564,4,1,4,6/15/2024 2:35:06 PM
565,6,1,1,11/18/2024 2:35:06 PM
566,4,1,1,8/4/2024 2:35:06 PM
567,5,1,3,1/7/2025 2:35:06 PM
568,4,1,1,5/22/2024 2:35:06 PM
569,7,1,3,9/18/2024 2:35:06 PM
570,5,1,3,7/14/2024 2:35:06 PM
571,7,1,1,5/12/2024 2:35:06 PM
572,3,1,4,3/11/2025 2:35:06 PM
573,4,1,3,12/10/2024 2:35:06 PM
574,3,1,5,11/23/2024 2:35:06 PM
575,7,1,1,2/28/2025 2:35:06 PM
576,1,1,3,7/6/2024 2:35:06 PM
577,2,1,1,1/5/2025 2:35:06 PM
578,3,1,2,7/15/2024 2:35:06 PM
579,2,1,3,12/24/2024 2:35:06 PM
580,5,1,4,6/21/2024 2:35:06 PM
581,4,1,5,5/5/2024 2:35:06 PM
582,2,1,2,11/5/2024 2:35:06 PM
583,4,1,5,12/23/2024 2:35:06 PM
584,4,1,3,5/29/2024 2:35:06 PM
585,5,1,3,9/17/2024 2:35:06 PM
586,7,1,5,3/9/2025 2:35:06 PM
587,6,1,5,8/19/2024 2:35:06 PM
588,6,1,4,7/9/2024 2:35:06 PM
589,5,1,4,1/29/2025 2:35:06 PM
590,4,1,3,11/6/2024 2:35:06 PM
591,2,1,5,7/6/2024 2:35:06 PM
592,2,1,3,5/2/2024 2:35:06 PM
593,4,1,4,3/29/2025 2:35:06 PM
594,7,1,4,4/4/2024 2:35:06 PM
595,4,1,1,7/24/2024 2:35:06 PM
596,1,1,4,7/3/2024 2:35:06 PM
597,1,1,2,4/29/2024 2:35:06 PM
598,5,1,5,5/11/2024 2:35:06 PM
599,5,1,1,6/24/2024 2:35:06 PM
600,7,1,3,11/8/2024 2:35:06 PM
601,6,1,1,11/18/2024 2:35:06 PM
602,5,1,2,9/17/2024 2:35:06 PM
603,4,1,2,10/4/2024 2:35:06 PM
604,6,1,4,3/24/2025 2:35:06 PM
605,6,1,5,4/14/2024 2:35:06 PM
606,7,1,4,8/21/2024 2:35:06 PM
607,1,1,3,4/24/2024 2:35:06 PM
608,3,1,2,12/15/2024 2:35:06 PM
609,3,1,3,6/21/2024 2:35:06 PM
610,7,1,1,7/29/2024 2:35:06 PM
611,1,1,1,4/12/2024 2:35:06 PM
612,7,1,4,6/26/2024 2:35:06 PM
613,5,1,3,6/29/2024 2:35:06 PM
614,3,1,2,7/4/2024 2:35:06 PM
615,3,1,4,11/9/2024 2:35:06 PM
616,3,1,5,2/6/2025 2:35:06 PM
617,4,1,2,6/24/2024 2:35:06 PM
618,4,1,3,8/14/2024 2:35:06 PM
619,3,1,1,10/20/2024 2:35:06 PM
620,4,1,4,1/5/2025 2:35:06 PM
621,1,1,1,1/14/2025 2:35:06 PM
622,6,1,4,6/23/2024 2:35:06 PM
623,7,1,4,1/20/2025 2:35:06 PM
624,5,1,3,7/9/2024 2:35:06 PM
625,5,1,3,7/22/2024 2:35:06 PM
626,3,1,5,12/18/2024 2:35:06 PM
627,7,1,5,7/5/2024 2:35:06 PM
628,5,1,5,7/4/2024 2:35:06 PM
629,5,1,3,8/24/2024 2:35:06 PM
630,6,1,4,3/4/2025 2:35:06 PM
631,3,1,1,2/25/2025 2:35:06 PM
632,7,1,5,7/8/2024 2:35:06 PM
633,3,1,3,2/24/2025 2:35:06 PM
634,5,1,3,8/9/2024 2:35:06 PM
635,5,1,4,6/12/2024 2:35:06 PM
636,1,1,1,10/24/2024 2:35:06 PM
637,7,1,1,1/27/2025 2:35:06 PM
638,2,1,5,7/17/2024 2:35:06 PM
639,6,1,4,2/11/2025 2:35:06 PM
640,5,1,4,4/30/2024 2:35:06 PM
641,4,1,5,4/6/2024 2:35:06 PM
642,7,1,2,6/8/2024 2:35:06 PM
643,2,1,5,11/13/2024 2:35:06 PM
644,2,1,3,4/4/2024 2:35:06 PM
645,4,1,3,5/1/2024 2:35:06 PM
646,6,1,5,6/1/2024 2:35:06 PM
647,5,1,5,9/28/2024 2:35:06 PM
648,4,1,2,9/22/2024 2:35:06 PM
649,1,1,1,2/7/2025 2:35:06 PM
650,1,1,1,8/15/2024 2:35:06 PM
651,6,1,3,6/2/2024 2:35:06 PM
652,5,1,3,8/5/2024 2:35:06 PM
653,3,1,1,11/11/2024 2:35:06 PM
654,6,1,4,12/29/2024 2:35:06 PM
655,4,1,5,10/6/2024 2:35:06 PM
656,4,1,5,8/30/2024 2:35:06 PM
657,4,1,3,4/7/2024 2:35:06 PM
658,3,1,3,8/27/2024 2:35:06 PM
659,6,1,4,4/16/2024 2:35:06 PM
660,7,1,2,2/18/2025 2:35:06 PM
661,4,1,5,2/18/2025 2:35:06 PM
662,3,1,1,1/2/2025 2:35:06 PM
663,1,1,5,10/19/2024 2:35:06 PM
664,2,1,1,5/2/2024 2:35:06 PM
665,2,1,5,6/7/2024 2:35:06 PM
666,3,1,5,2/27/2025 2:35:06 PM
667,3,1,1,9/3/2024 2:35:06 PM
668,4,1,1,7/3/2024 2:35:06 PM
669,4,1,3,10/10/2024 2:35:06 PM
670,6,1,2,12/10/2024 2:35:06 PM
671,3,1,4,11/20/2024 2:35:06 PM
672,2,1,4,8/27/2024 2:35:06 PM
673,3,1,1,12/4/2024 2:35:06 PM
674,2,1,2,9/12/2024 2:35:06 PM
675,7,1,2,6/18/2024 2:35:06 PM
676,6,1,2,4/8/2024 2:35:06 PM
677,7,1,3,2/15/2025 2:35:06 PM
678,4,1,4,9/17/2024 2:35:06 PM
679,3,1,4,11/24/2024 2:35:06 PM
680,3,1,4,4/10/2024 2:35:06 PM
681,1,1,5,7/10/2024 2:35:06 PM
682,7,1,4,3/6/2025 2:35:06 PM
683,3,1,5,8/28/2024 2:35:06 PM
684,1,1,1,6/1/2024 2:35:06 PM
685,7,1,4,4/26/2024 2:35:06 PM
686,2,1,2,11/20/2024 2:35:06 PM
687,4,1,2,11/16/2024 2:35:06 PM
688,6,1,2,6/30/2024 2:35:06 PM
689,6,1,3,4/17/2024 2:35:06 PM
690,1,1,2,8/23/2024 2:35:06 PM
691,3,1,5,8/14/2024 2:35:06 PM
692,4,1,5,2/18/2025 2:35:06 PM
693,5,1,2,7/2/2024 2:35:06 PM
694,4,1,5,8/22/2024 2:35:06 PM
695,7,1,3,4/30/2024 2:35:06 PM
696,2,1,1,11/13/2024 2:35:06 PM
697,4,1,2,7/18/2024 2:35:06 PM
698,1,1,3,11/15/2024 2:35:06 PM
699,4,1,4,6/4/2024 2:35:06 PM
700,1,1,3,6/2/2024 2:35:06 PM
701,5,1,2,4/14/2024 2:35:06 PM
702,1,1,4,4/29/2024 2:35:06 PM
703,2,1,3,9/24/2024 2:35:06 PM
704,5,1,3,7/25/2024 2:35:06 PM
705,7,1,5,1/12/2025 2:35:06 PM
706,6,1,3,6/16/2024 2:35:06 PM
707,2,1,5,9/3/2024 2:35:06 PM
708,5,1,1,10/16/2024 2:35:06 PM
709,3,1,1,6/5/2024 2:35:06 PM
710,7,1,3,5/23/2024 2:35:06 PM
711,7,1,4,1/18/2025 2:35:06 PM
712,5,1,2,9/21/2024 2:35:06 PM
713,5,1,2,2/8/2025 2:35:06 PM
714,3,1,3,8/11/2024 2:35:06 PM
715,2,1,1,12/11/2024 2:35:06 PM
716,7,1,4,6/14/2024 2:35:06 PM
717,1,1,3,6/11/2024 2:35:06 PM
718,4,1,4,3/1/2025 2:35:06 PM
719,6,1,3,1/10/2025 2:35:06 PM
720,6,1,1,6/15/2024 2:35:06 PM
721,3,1,2,6/11/2024 2:35:06 PM
722,5,1,5,11/29/2024 2:35:06 PM
723,3,1,4,10/22/2024 2:35:06 PM
724,4,1,2,9/21/2024 2:35:06 PM
725,2,1,2,4/1/2024 2:35:06 PM
726,3,1,5,10/26/2024 2:35:06 PM
727,3,1,1,3/29/2025 2:35:06 PM
728,6,1,3,2/17/2025 2:35:06 PM
729,2,1,2,6/13/2024 2:35:06 PM
730,6,1,2,7/14/2024 2:35:06 PM
731,2,1,3,8/28/2024 2:35:06 PM
732,1,1,2,2/27/2025 2:35:06 PM
733,6,1,1,11/14/2024 2:35:06 PM
734,5,1,4,6/28/2024 2:35:06 PM
735,4,1,4,2/25/2025 2:35:06 PM
736,2,1,2,2/21/2025 2:35:06 PM
737,6,1,2,6/6/2024 2:35:06 PM
738,1,1,1,11/3/2024 2:35:06 PM
739,3,1,3,1/11/2025 2:35:06 PM
740,6,1,1,4/21/2024 2:35:06 PM
741,4,1,3,7/23/2024 2:35:06 PM
742,6,1,1,11/18/2024 2:35:06 PM
743,6,1,5,1/13/2025 2:35:06 PM
744,6,1,1,2/11/2025 2:35:06 PM
745,4,1,2,1/31/2025 2:35:06 PM
746,4,1,4,11/6/2024 2:35:06 PM
747,6,1,3,9/14/2024 2:35:06 PM
748,4,1,3,7/24/2024 2:35:06 PM
749,4,1,3,8/20/2024 2:35:06 PM
750,4,1,3,2/12/2025 2:35:06 PM
751,5,1,1,5/19/2024 2:35:06 PM
752,6,1,2,10/16/2024 2:35:06 PM
753,2,1,1,1/22/2025 2:35:06 PM
754,5,1,3,9/25/2024 2:35:06 PM
755,5,1,3,9/4/2024 2:35:06 PM
756,7,1,1,11/3/2024 2:35:06 PM
757,4,1,2,9/22/2024 2:35:06 PM
758,2,1,2,1/12/2025 2:35:06 PM
759,5,1,5,5/10/2024 2:35:06 PM
760,3,1,5,12/27/2024 2:35:06 PM
761,1,1,3,11/5/2024 2:35:06 PM
762,7,1,1,4/7/2024 2:35:06 PM
763,5,1,1,10/20/2024 2:35:06 PM
764,7,1,3,9/15/2024 2:35:06 PM
765,1,1,1,7/14/2024 2:35:06 PM
766,7,1,5,9/23/2024 2:35:06 PM
767,6,1,3,4/21/2024 2:35:06 PM
768,6,1,4,12/28/2024 2:35:06 PM
769,5,1,1,7/2/2024 2:35:06 PM
770,3,1,4,8/1/2024 2:35:06 PM
771,4,1,4,7/23/2024 2:35:06 PM
772,5,1,1,8/12/2024 2:35:06 PM
773,5,1,5,11/11/2024 2:35:06 PM
774,6,1,5,12/16/2024 2:35:06 PM
775,5,1,1,10/2/2024 2:35:06 PM
776,6,1,4,5/29/2024 2:35:06 PM
777,5,1,3,2/9/2025 2:35:06 PM
778,3,1,1,7/19/2024 2:35:06 PM
779,6,1,3,9/11/2024 2:35:06 PM
780,3,1,5,2/3/2025 2:35:06 PM
781,4,1,3,2/21/2025 2:35:06 PM
782,1,1,5,6/21/2024 2:35:06 PM
783,3,1,2,8/22/2024 2:35:06 PM
784,3,1,4,11/18/2024 2:35:06 PM
785,7,1,2,2/9/2025 2:35:06 PM
786,2,1,5,10/18/2024 2:35:06 PM
787,4,1,3,3/2/2025 2:35:06 PM
788,2,1,2,10/9/2024 2:35:06 PM
789,3,1,3,5/30/2024 2:35:06 PM
790,5,1,3,7/30/2024 2:35:06 PM
791,6,1,3,11/14/2024 2:35:06 PM
792,7,1,2,7/4/2024 2:35:06 PM
793,6,1,5,5/1/2024 2:35:06 PM
794,6,1,1,6/10/2024 2:35:06 PM
795,1,1,5,4/15/2024 2:35:06 PM
796,3,1,1,3/6/2025 2:35:06 PM
797,2,1,3,11/20/2024 2:35:06 PM
798,1,1,5,11/16/2024 2:35:06 PM
799,3,1,2,3/20/2025 2:35:06 PM
800,1,1,3,6/17/2024 2:35:06 PM
801,5,1,4,10/2/2024 2:35:06 PM
802,4,1,4,11/22/2024 2:35:06 PM
803,6,1,2,8/30/2024 2:35:06 PM
804,7,1,3,3/21/2025 2:35:06 PM
805,5,1,5,9/6/2024 2:35:06 PM
806,5,1,5,9/12/2024 2:35:06 PM
807,7,1,3,2/18/2025 2:35:06 PM
808,1,1,5,6/30/2024 2:35:06 PM
809,7,1,3,9/4/2024 2:35:06 PM
810,3,1,1,4/19/2024 2:35:06 PM
811,6,1,1,10/21/2024 2:35:06 PM
812,7,1,3,3/29/2025 2:35:06 PM
813,3,1,5,7/11/2024 2:35:06 PM
814,6,1,2,6/4/2024 2:35:06 PM
815,2,1,5,4/24/2024 2:35:06 PM
816,1,1,1,9/30/2024 2:35:06 PM
817,4,1,5,1/22/2025 2:35:06 PM
818,7,1,4,11/3/2024 2:35:06 PM
819,6,1,4,9/20/2024 2:35:06 PM
820,7,1,3,10/5/2024 2:35:06 PM
821,7,1,5,3/16/2025 2:35:06 PM
822,1,1,5,5/1/2024 2:35:06 PM
823,2,1,4,10/2/2024 2:35:06 PM
824,2,1,1,1/27/2025 2:35:06 PM
825,5,1,5,4/1/2024 2:35:06 PM
826,5,1,1,3/8/2025 2:35:06 PM
827,2,1,2,4/28/2024 2:35:06 PM
828,5,1,4,6/4/2024 2:35:06 PM
829,2,1,4,10/5/2024 2:35:06 PM
830,4,1,2,9/6/2024 2:35:06 PM
831,1,1,2,8/11/2024 2:35:06 PM
832,5,1,4,3/18/2025 2:35:06 PM
833,3,1,1,3/28/2025 2:35:06 PM
834,1,1,1,9/3/2024 2:35:06 PM
835,6,1,3,1/12/2025 2:35:06 PM
836,3,1,3,11/25/2024 2:35:06 PM
837,2,1,1,4/8/2024 2:35:06 PM
838,2,1,1,9/25/2024 2:35:06 PM
839,6,1,4,7/11/2024 2:35:06 PM
840,2,1,3,5/31/2024 2:35:06 PM
841,6,1,5,11/10/2024 2:35:06 PM
842,7,1,5,6/2/2024 2:35:06 PM
843,7,1,1,10/5/2024 2:35:06 PM
844,3,1,4,1/28/2025 2:35:06 PM
845,4,1,3,2/25/2025 2:35:06 PM
846,7,1,4,11/14/2024 2:35:06 PM
847,7,1,3,2/18/2025 2:35:06 PM
848,5,1,1,5/7/2024 2:35:06 PM
849,3,1,1,5/18/2024 2:35:06 PM
850,3,1,5,7/24/2024 2:35:06 PM
851,5,1,4,12/14/2024 2:35:06 PM
852,7,1,1,4/17/2024 2:35:06 PM
853,7,1,5,9/9/2024 2:35:06 PM
854,1,1,2,3/30/2024 2:35:06 PM
855,5,1,1,6/7/2024 2:35:06 PM
856,4,1,5,2/5/2025 2:35:06 PM
857,1,1,3,2/20/2025 2:35:06 PM
858,5,1,1,10/20/2024 2:35:06 PM
859,7,1,2,12/21/2024 2:35:06 PM
860,7,1,1,11/23/2024 2:35:06 PM
861,7,1,1,8/24/2024 2:35:06 PM
862,5,1,3,11/21/2024 2:35:06 PM
863,1,1,5,6/23/2024 2:35:06 PM
864,3,1,4,4/30/2024 2:35:06 PM
865,6,1,2,11/15/2024 2:35:06 PM
866,6,1,4,3/21/2025 2:35:06 PM
867,7,1,4,12/12/2024 2:35:06 PM
868,1,1,4,5/20/2024 2:35:06 PM
869,4,1,1,8/3/2024 2:35:06 PM
870,4,1,1,6/2/2024 2:35:06 PM
871,2,1,5,7/17/2024 2:35:06 PM
872,3,1,4,1/11/2025 2:35:06 PM
873,7,1,4,7/30/2024 2:35:06 PM
874,3,1,5,1/12/2025 2:35:06 PM
875,2,1,4,12/13/2024 2:35:06 PM
876,1,1,3,2/10/2025 2:35:06 PM
877,6,1,2,8/26/2024 2:35:06 PM
878,7,1,3,3/13/2025 2:35:06 PM
879,1,1,3,1/11/2025 2:35:06 PM
880,3,1,1,2/5/2025 2:35:06 PM
881,1,1,4,3/13/2025 2:35:06 PM
882,2,1,3,7/9/2024 2:35:06 PM
883,5,1,3,11/19/2024 2:35:06 PM
884,2,1,2,3/3/2025 2:35:06 PM
885,1,1,3,10/19/2024 2:35:06 PM
886,5,1,5,5/11/2024 2:35:06 PM
887,7,1,4,5/7/2024 2:35:06 PM
888,1,1,1,1/17/2025 2:35:06 PM
889,3,1,4,4/5/2024 2:35:06 PM
890,4,1,5,11/16/2024 2:35:06 PM
891,7,1,4,8/13/2024 2:35:06 PM
892,3,1,5,9/4/2024 2:35:06 PM
893,7,1,5,7/12/2024 2:35:06 PM
894,7,1,3,3/25/2025 2:35:06 PM
895,2,1,4,5/26/2024 2:35:06 PM
896,5,1,2,5/12/2024 2:35:06 PM
897,1,1,5,8/24/2024 2:35:06 PM
898,4,1,2,7/4/2024 2:35:06 PM
899,2,1,5,12/14/2024 2:35:06 PM
900,6,1,1,9/16/2024 2:35:06 PM
901,4,1,1,9/28/2024 2:35:06 PM
902,1,1,2,11/29/2024 2:35:06 PM
903,7,1,4,8/10/2024 2:35:06 PM
904,2,1,1,5/10/2024 2:35:06 PM
905,5,1,5,10/24/2024 2:35:06 PM
906,1,1,5,10/16/2024 2:35:06 PM
907,1,1,2,11/29/2024 2:35:06 PM
908,3,1,5,3/20/2025 2:35:06 PM
909,1,1,5,5/2/2024 2:35:06 PM
910,4,1,1,1/11/2025 2:35:06 PM
911,1,1,3,4/13/2024 2:35:06 PM
912,4,1,2,6/19/2024 2:35:06 PM
913,4,1,2,4/25/2024 2:35:06 PM
914,3,1,4,6/17/2024 2:35:06 PM
915,2,1,4,1/19/2025 2:35:06 PM
916,4,1,1,8/22/2024 2:35:06 PM
917,6,1,1,11/27/2024 2:35:06 PM
918,3,1,5,12/1/2024 2:35:06 PM
919,2,1,1,9/15/2024 2:35:06 PM
920,3,1,1,10/7/2024 2:35:06 PM
921,2,1,2,9/6/2024 2:35:06 PM
922,5,1,3,11/24/2024 2:35:06 PM
923,7,1,4,8/23/2024 2:35:06 PM
924,6,1,3,8/4/2024 2:35:06 PM
925,7,1,2,4/17/2024 2:35:06 PM
926,3,1,4,1/5/2025 2:35:06 PM
927,5,1,1,7/10/2024 2:35:06 PM
928,5,1,1,6/18/2024 2:35:06 PM
929,1,1,2,12/2/2024 2:35:06 PM
930,3,1,2,5/4/2024 2:35:06 PM
931,7,1,4,7/3/2024 2:35:06 PM
932,6,1,5,4/13/2024 2:35:06 PM
933,4,1,3,8/30/2024 2:35:06 PM
934,3,1,3,10/11/2024 2:35:06 PM
935,7,1,4,2/7/2025 2:35:06 PM
936,4,1,5,12/19/2024 2:35:06 PM
937,3,1,2,4/12/2024 2:35:06 PM
938,4,1,2,9/30/2024 2:35:06 PM
939,6,1,3,6/30/2024 2:35:06 PM
940,2,1,4,8/12/2024 2:35:06 PM
941,6,1,3,4/19/2024 2:35:06 PM
942,4,1,5,5/24/2024 2:35:06 PM
943,7,1,1,4/8/2024 2:35:06 PM
944,5,1,2,11/5/2024 2:35:06 PM
945,3,1,4,6/17/2024 2:35:06 PM
946,2,1,2,1/4/2025 2:35:06 PM
947,4,1,4,10/9/2024 2:35:06 PM
948,3,1,5,11/1/2024 2:35:06 PM
949,2,1,1,6/19/2024 2:35:06 PM
950,2,1,2,12/11/2024 2:35:06 PM
951,3,1,5,10/22/2024 2:35:06 PM
952,7,1,5,1/25/2025 2:35:06 PM
953,2,1,1,4/30/2024 2:35:06 PM
954,1,1,5,10/4/2024 2:35:06 PM
955,4,1,4,8/21/2024 2:35:06 PM
956,1,1,5,12/7/2024 2:35:06 PM
957,2,1,4,9/2/2024 2:35:06 PM
958,1,1,3,9/18/2024 2:35:06 PM
959,2,1,2,9/26/2024 2:35:06 PM
960,5,1,5,6/15/2024 2:35:06 PM
961,7,1,3,11/2/2024 2:35:06 PM
962,7,1,2,11/26/2024 2:35:06 PM
963,4,1,3,12/28/2024 2:35:06 PM
964,4,1,3,10/20/2024 2:35:06 PM
965,3,1,3,4/30/2024 2:35:06 PM
966,4,1,3,9/28/2024 2:35:06 PM
967,5,1,3,11/16/2024 2:35:06 PM
968,6,1,5,12/27/2024 2:35:06 PM
969,4,1,1,3/5/2025 2:35:06 PM
970,2,1,1,4/27/2024 2:35:06 PM
971,5,1,5,11/1/2024 2:35:06 PM
972,1,1,3,3/17/2025 2:35:06 PM
973,6,1,1,4/10/2024 2:35:06 PM
974,5,1,3,7/1/2024 2:35:06 PM
975,1,1,5,6/13/2024 2:35:06 PM
976,4,1,1,10/14/2024 2:35:06 PM
977,3,1,2,7/16/2024 2:35:06 PM
978,1,1,5,9/16/2024 2:35:06 PM
979,4,1,4,7/6/2024 2:35:06 PM
980,1,1,5,10/11/2024 2:35:06 PM
981,1,1,5,11/5/2024 2:35:06 PM
982,1,1,1,6/14/2024 2:35:06 PM
983,2,1,5,9/1/2024 2:35:06 PM
984,1,1,5,2/17/2025 2:35:06 PM
985,6,1,4,8/19/2024 2:35:06 PM
986,6,1,5,2/9/2025 2:35:06 PM
987,5,1,2,3/28/2025 2:35:06 PM
988,4,1,4,2/11/2025 2:35:06 PM
989,5,1,2,6/6/2024 2:35:06 PM
990,7,1,5,12/18/2024 2:35:06 PM
991,7,1,3,10/18/2024 2:35:06 PM
992,1,1,2,8/30/2024 2:35:06 PM
993,1,1,4,11/23/2024 2:35:06 PM
994,4,1,4,4/5/2024 2:35:06 PM
995,2,1,3,10/15/2024 2:35:06 PM
996,4,1,3,8/20/2024 2:35:06 PM
997,2,1,3,8/22/2024 2:35:06 PM
998,2,1,1,4/11/2024 2:35:06 PM
999,2,1,5,9/6/2024 2:35:06 PM
1000,6,1,5,12/29/2024 2:35:06 PM
1001,7,1,5,9/22/2024 2:35:06 PM
1002,4,1,5,12/9/2024 2:35:06 PM
1003,7,1,1,3/19/2025 2:35:06 PM
1004,5,1,4,11/10/2024 2:35:06 PM
1005,1,1,3,5/30/2024 2:35:06 PM
1006,3,1,2,6/10/2024 2:35:06 PM
1007,7,1,1,7/7/2024 2:35:06 PM
1008,1,1,5,4/29/2024 2:35:06 PM
1009,3,1,3,6/14/2024 2:35:06 PM
1010,3,1,1,2/2/2025 2:35:06 PM
1011,6,1,3,10/1/2024 2:35:06 PM
1012,4,1,4,8/28/2024 2:35:06 PM
1013,7,1,1,12/7/2024 2:35:06 PM
1014,2,1,3,4/3/2024 2:35:06 PM
1015,7,1,3,3/22/2025 2:35:06 PM
1016,3,1,2,1/3/2025 2:35:06 PM
1017,4,1,1,1/26/2025 2:35:06 PM
1018,1,1,3,7/13/2024 2:35:06 PM
1019,1,1,2,2/16/2025 2:35:06 PM
1020,1,1,3,2/28/2025 2:35:06 PM
1021,4,1,4,4/19/2024 2:35:06 PM
1022,6,1,2,5/18/2024 2:35:06 PM
1023,5,1,1,10/19/2024 2:35:06 PM
1024,3,1,1,10/16/2024 2:35:06 PM
1025,2,1,5,3/16/2025 2:35:06 PM
1026,5,1,1,11/30/2024 2:35:06 PM
1027,5,1,4,10/1/2024 2:35:06 PM
1028,4,1,5,6/21/2024 2:35:06 PM
1029,2,1,1,12/21/2024 2:35:06 PM
1030,7,1,4,12/1/2024 2:35:06 PM
1031,2,1,2,1/27/2025 2:35:06 PM
1032,6,1,4,6/7/2024 2:35:06 PM
1033,1,1,5,4/4/2024 2:35:06 PM
1034,1,1,2,6/4/2024 2:35:06 PM
1035,3,1,2,10/3/2024 2:35:06 PM
1036,2,1,5,8/22/2024 2:35:06 PM
1037,5,1,5,12/3/2024 2:35:06 PM
1038,3,1,4,4/29/2024 2:35:06 PM
1039,5,1,4,12/8/2024 2:35:06 PM
1040,4,1,4,5/15/2024 2:35:06 PM
1041,7,1,5,11/13/2024 2:35:06 PM
1042,3,1,4,7/23/2024 2:35:06 PM
1043,2,1,3,1/30/2025 2:35:06 PM
1044,7,1,3,11/10/2024 2:35:06 PM
1045,5,1,2,11/27/2024 2:35:06 PM
1046,6,1,3,6/4/2024 2:35:06 PM
1047,1,1,2,6/15/2024 2:35:06 PM
1048,5,1,5,7/10/2024 2:35:06 PM
1049,4,1,4,6/13/2024 2:35:06 PM
1050,1,1,4,3/31/2024 2:35:06 PM
1051,3,1,3,1/8/2025 2:35:06 PM
1052,1,1,3,10/5/2024 2:35:06 PM
1053,6,1,5,5/1/2024 2:35:06 PM
1054,1,1,1,9/4/2024 2:35:06 PM
1055,5,1,5,1/5/2025 2:35:06 PM
1056,7,1,1,9/6/2024 2:35:06 PM
1057,2,1,1,10/9/2024 2:35:06 PM
1058,1,1,1,1/15/2025 2:35:06 PM
1059,1,1,2,1/11/2025 2:35:06 PM
1060,3,1,5,5/21/2024 2:35:06 PM
1061,3,1,4,2/16/2025 2:35:06 PM
1062,4,1,2,8/24/2024 2:35:06 PM
1063,5,1,1,7/1/2024 2:35:06 PM
1064,3,1,2,6/5/2024 2:35:06 PM
1065,5,1,3,4/3/2024 2:35:06 PM
1066,1,1,4,1/4/2025 2:35:06 PM
1067,4,1,4,8/13/2024 2:35:06 PM
1068,3,1,3,2/2/2025 2:35:06 PM
1069,7,1,3,2/8/2025 2:35:06 PM
1070,3,1,3,10/21/2024 2:35:06 PM
1071,2,1,2,10/13/2024 2:35:06 PM
1072,2,1,2,4/8/2024 2:35:06 PM
1073,6,1,3,7/26/2024 2:35:06 PM
1074,5,1,4,7/29/2024 2:35:06 PM
1075,7,1,5,5/23/2024 2:35:06 PM
1076,7,1,5,10/12/2024 2:35:06 PM
1077,6,1,4,6/27/2024 2:35:06 PM
1078,5,1,4,5/6/2024 2:35:06 PM
1079,7,1,1,8/4/2024 2:35:06 PM
1080,4,1,2,8/27/2024 2:35:06 PM
1081,4,1,5,5/21/2024 2:35:06 PM
1082,6,1,4,9/25/2024 2:35:06 PM
1083,3,1,2,6/18/2024 2:35:06 PM
1084,1,1,2,9/16/2024 2:35:06 PM
1085,1,1,2,9/28/2024 2:35:06 PM
1086,4,1,4,9/2/2024 2:35:06 PM
1087,1,1,1,8/26/2024 2:35:06 PM
1088,1,1,5,10/4/2024 2:35:06 PM
1089,5,1,2,9/24/2024 2:35:06 PM
1090,2,1,4,6/3/2024 2:35:06 PM
1091,6,1,5,3/5/2025 2:35:06 PM
1092,2,1,3,5/12/2024 2:35:06 PM
1093,5,1,5,12/27/2024 2:35:06 PM
1094,7,1,1,3/24/2025 2:35:06 PM
1095,7,1,3,4/21/2024 2:35:06 PM
1096,5,1,4,3/6/2025 2:35:06 PM
1097,5,1,4,11/28/2024 2:35:06 PM
1098,4,1,2,5/31/2024 2:35:06 PM
1099,6,1,1,11/8/2024 2:35:06 PM
1100,1,1,5,10/25/2024 2:35:06 PM
1101,5,1,3,2/27/2025 2:35:06 PM
1102,4,1,4,12/15/2024 2:35:06 PM
1103,6,1,3,9/26/2024 2:35:06 PM
1104,5,1,2,1/31/2025 2:35:06 PM
1105,2,1,3,5/13/2024 2:35:06 PM
1106,6,1,1,3/30/2024 2:35:06 PM
1107,1,1,4,6/4/2024 2:35:06 PM
1108,5,1,3,10/23/2024 2:35:06 PM
1109,5,1,3,9/15/2024 2:35:06 PM
1110,4,1,2,8/1/2024 2:35:06 PM
1111,1,1,5,7/11/2024 2:35:06 PM
1112,7,1,2,11/11/2024 2:35:06 PM
1113,1,1,3,1/31/2025 2:35:06 PM
1114,7,1,2,6/9/2024 2:35:06 PM
1115,2,1,4,10/26/2024 2:35:06 PM
1116,4,1,5,1/9/2025 2:35:06 PM
1117,3,1,4,2/28/2025 2:35:06 PM
1118,4,1,2,4/14/2024 2:35:06 PM
1119,1,1,1,8/12/2024 2:35:06 PM
1120,7,1,1,11/26/2024 2:35:06 PM
1121,5,1,2,3/3/2025 2:35:06 PM
1122,2,1,4,5/5/2024 2:35:06 PM
1123,6,1,2,2/22/2025 2:35:06 PM
1124,2,1,3,6/26/2024 2:35:06 PM
1125,7,1,2,7/25/2024 2:35:06 PM
1126,4,1,4,7/28/2024 2:35:06 PM
1127,3,1,1,1/18/2025 2:35:06 PM
1128,4,1,1,5/27/2024 2:35:06 PM
1129,7,1,2,1/5/2025 2:35:06 PM
1130,6,1,3,8/5/2024 2:35:06 PM
1131,6,1,4,12/2/2024 2:35:06 PM
1132,7,1,2,1/1/2025 2:35:06 PM
1133,2,1,1,7/21/2024 2:35:06 PM
1134,6,1,1,4/6/2024 2:35:06 PM
1135,5,1,5,3/2/2025 2:35:06 PM
1136,2,1,2,11/12/2024 2:35:06 PM
1137,3,1,4,12/14/2024 2:35:06 PM
1138,6,1,4,2/3/2025 2:35:06 PM
1139,1,1,2,10/12/2024 2:35:06 PM
1140,6,1,5,9/15/2024 2:35:06 PM
1141,3,1,4,6/27/2024 2:35:06 PM
1142,3,1,3,5/6/2024 2:35:06 PM
1143,1,1,3,9/25/2024 2:35:06 PM
1144,4,1,4,4/8/2024 2:35:06 PM
1145,1,1,4,7/2/2024 2:35:06 PM
1146,4,1,3,7/13/2024 2:35:06 PM
1147,1,1,2,1/5/2025 2:35:06 PM
1148,1,1,4,8/23/2024 2:35:06 PM
1149,6,1,2,5/26/2024 2:35:06 PM
1150,4,1,5,8/15/2024 2:35:06 PM
1151,6,1,1,5/20/2024 2:35:06 PM
1152,5,1,1,2/13/2025 2:35:06 PM
1153,6,1,2,6/11/2024 2:35:06 PM
1154,3,1,4,8/4/2024 2:35:06 PM
1155,1,1,2,10/26/2024 2:35:06 PM
1156,4,1,1,7/21/2024 2:35:06 PM
1157,7,1,3,12/8/2024 2:35:06 PM
1158,5,1,3,4/20/2024 2:35:06 PM
1159,6,1,1,6/3/2024 2:35:06 PM
1160,4,1,3,3/21/2025 2:35:06 PM
1161,3,1,5,3/18/2025 2:35:06 PM
1162,3,1,4,1/4/2025 2:35:06 PM
1163,7,1,2,3/26/2025 2:35:06 PM
1164,6,1,5,1/5/2025 2:35:06 PM
1165,4,1,3,6/13/2024 2:35:06 PM
1166,2,1,5,7/1/2024 2:35:06 PM
1167,3,1,5,3/10/2025 2:35:06 PM
1168,2,1,5,5/18/2024 2:35:06 PM
1169,6,1,4,9/23/2024 2:35:06 PM
1170,3,1,3,12/29/2024 2:35:06 PM
1171,2,1,4,10/20/2024 2:35:06 PM
1172,1,1,1,9/20/2024 2:35:06 PM
1173,5,1,2,12/22/2024 2:35:06 PM
1174,4,1,4,12/27/2024 2:35:06 PM
1175,2,1,2,11/28/2024 2:35:06 PM
1176,1,1,4,4/22/2024 2:35:06 PM
1177,3,1,5,12/22/2024 2:35:06 PM
1178,2,1,1,8/23/2024 2:35:06 PM
1179,1,1,5,11/23/2024 2:35:06 PM
1180,1,1,5,11/17/2024 2:35:06 PM
1181,5,1,2,6/24/2024 2:35:06 PM
1182,5,1,1,9/26/2024 2:35:06 PM
1183,5,1,1,7/12/2024 2:35:06 PM
1184,5,1,5,12/31/2024 2:35:06 PM
1185,6,1,3,9/4/2024 2:35:06 PM
1186,4,1,5,3/22/2025 2:35:06 PM
1187,7,1,2,4/30/2024 2:35:06 PM
1188,3,1,2,5/4/2024 2:35:06 PM
1189,1,1,3,10/17/2024 2:35:06 PM
1190,1,1,5,3/29/2025 2:35:06 PM
1191,6,1,3,4/10/2024 2:35:06 PM
1192,5,1,2,5/21/2024 2:35:06 PM
1193,6,1,2,2/18/2025 2:35:06 PM
1194,4,1,3,6/18/2024 2:35:06 PM
1195,7,1,4,7/2/2024 2:35:06 PM
1196,1,1,3,3/6/2025 2:35:06 PM
1197,6,1,2,10/4/2024 2:35:06 PM
1198,4,1,4,1/28/2025 2:35:06 PM
1199,1,1,2,3/20/2025 2:35:06 PM
1200,3,1,2,7/28/2024 2:35:06 PM
1201,1,1,5,9/28/2024 2:35:06 PM
1202,1,1,5,3/8/2025 2:35:06 PM
1203,6,1,5,12/6/2024 2:35:06 PM
1204,3,1,2,3/8/2025 2:35:06 PM
1205,1,1,2,10/7/2024 2:35:06 PM
1206,7,1,2,3/22/2025 2:35:06 PM
1207,5,1,1,1/31/2025 2:35:06 PM
1208,3,1,3,12/17/2024 2:35:06 PM
1209,1,1,5,7/8/2024 2:35:06 PM
1210,6,1,3,2/13/2025 2:35:06 PM
1211,3,1,5,12/3/2024 2:35:06 PM
1212,3,1,2,3/14/2025 2:35:06 PM
1213,3,1,1,1/31/2025 2:35:06 PM
1214,2,1,1,3/12/2025 2:35:06 PM
1215,2,1,5,3/23/2025 2:35:06 PM
1216,4,1,3,2/16/2025 2:35:06 PM
1217,5,1,3,6/1/2024 2:35:06 PM
1218,6,1,2,9/25/2024 2:35:06 PM
1219,6,1,4,3/31/2024 2:35:06 PM
1220,3,1,3,6/4/2024 2:35:06 PM
1221,5,1,4,9/12/2024 2:35:06 PM
1222,7,1,1,11/24/2024 2:35:06 PM
1223,2,1,1,11/14/2024 2:35:06 PM
1224,1,1,4,2/23/2025 2:35:06 PM
1225,4,1,2,6/4/2024 2:35:06 PM
1226,7,1,1,6/23/2024 2:35:06 PM
1227,3,1,4,3/19/2025 2:35:06 PM
1228,1,1,5,1/26/2025 2:35:06 PM
1229,1,1,2,8/16/2024 2:35:06 PM
1230,3,1,3,10/23/2024 2:35:06 PM
1231,4,1,2,4/6/2024 2:35:06 PM
1232,4,1,3,5/9/2024 2:35:06 PM
1233,4,1,2,1/16/2025 2:35:06 PM
1234,2,1,4,1/4/2025 2:35:06 PM
1235,7,1,3,4/13/2024 2:35:06 PM
1236,4,1,4,9/26/2024 2:35:06 PM
1237,4,1,4,2/12/2025 2:35:06 PM
1238,5,1,5,8/7/2024 2:35:06 PM
1239,6,1,2,10/21/2024 2:35:06 PM
1240,1,1,4,8/28/2024 2:35:06 PM
1241,1,1,4,4/23/2024 2:35:06 PM
1242,7,1,1,3/17/2025 2:35:06 PM
1243,6,1,5,8/16/2024 2:35:06 PM
1244,4,1,1,1/25/2025 2:35:06 PM
1245,1,1,1,12/5/2024 2:35:06 PM
1246,7,1,2,4/6/2024 2:35:06 PM
1247,6,1,5,6/23/2024 2:35:06 PM
1248,5,1,1,7/9/2024 2:35:06 PM
1249,4,1,4,9/10/2024 2:35:06 PM
1250,3,1,2,10/2/2024 2:35:06 PM
1251,2,1,3,4/24/2024 2:35:06 PM
1252,2,1,5,7/7/2024 2:35:06 PM
1253,4,1,4,4/22/2024 2:35:06 PM
1254,4,1,3,2/5/2025 2:35:06 PM
1255,5,1,2,3/12/2025 2:35:06 PM
1256,1,1,4,2/16/2025 2:35:06 PM
1257,7,1,3,12/15/2024 2:35:06 PM
1258,1,1,5,8/20/2024 2:35:06 PM
1259,7,1,5,2/4/2025 2:35:06 PM
1260,2,1,2,12/2/2024 2:35:06 PM
1261,5,1,2,2/4/2025 2:35:06 PM
1262,6,1,5,10/26/2024 2:35:06 PM
1263,7,1,1,10/1/2024 2:35:06 PM
1264,7,1,3,2/27/2025 2:35:06 PM
1265,7,1,1,3/22/2025 2:35:06 PM
1266,6,1,3,1/12/2025 2:35:06 PM
1267,3,1,1,2/17/2025 2:35:06 PM
1268,3,1,4,1/14/2025 2:35:06 PM
1269,6,1,3,4/28/2024 2:35:06 PM
1270,5,1,5,8/15/2024 2:35:06 PM
1271,5,1,4,2/16/2025 2:35:06 PM
1272,2,1,1,7/6/2024 2:35:06 PM
1273,3,1,5,6/21/2024 2:35:06 PM
1274,4,1,2,10/23/2024 2:35:06 PM
1275,5,1,3,3/29/2025 2:35:06 PM
1276,3,1,4,12/12/2024 2:35:06 PM
1277,5,1,5,9/1/2024 2:35:06 PM
1278,3,1,4,1/29/2025 2:35:06 PM
1279,7,1,5,7/4/2024 2:35:06 PM
1280,4,1,4,1/24/2025 2:35:06 PM
1281,3,1,4,1/20/2025 2:35:06 PM
1282,3,1,1,9/4/2024 2:35:06 PM
1283,4,1,5,2/3/2025 2:35:06 PM
1284,7,1,2,11/23/2024 2:35:06 PM
1285,1,1,5,10/25/2024 2:35:06 PM
1286,1,1,1,8/27/2024 2:35:06 PM
1287,3,1,4,4/8/2024 2:35:06 PM
1288,7,1,3,6/18/2024 2:35:06 PM
1289,2,1,4,2/23/2025 2:35:06 PM
1290,1,1,5,2/11/2025 2:35:06 PM
1291,4,1,4,5/4/2024 2:35:06 PM
1292,6,1,3,7/30/2024 2:35:06 PM
1293,6,1,5,4/3/2024 2:35:06 PM
1294,5,1,1,11/25/2024 2:35:06 PM
1295,4,1,2,11/3/2024 2:35:06 PM
1296,7,1,2,7/3/2024 2:35:06 PM
1297,2,1,5,5/11/2024 2:35:06 PM
1298,4,1,2,4/12/2024 2:35:06 PM
1299,1,1,5,7/5/2024 2:35:06 PM
1300,2,1,2,6/17/2024 2:35:06 PM
1301,7,1,4,7/6/2024 2:35:06 PM
1302,1,1,5,7/18/2024 2:35:06 PM
1303,4,1,5,8/21/2024 2:35:06 PM
1304,4,1,1,9/6/2024 2:35:06 PM
1305,4,1,3,1/4/2025 2:35:06 PM
1306,5,1,4,4/15/2024 2:35:06 PM
1307,3,1,1,3/20/2025 2:35:06 PM
1308,5,1,1,9/23/2024 2:35:06 PM
1309,3,1,3,6/6/2024 2:35:06 PM
1310,6,1,1,10/11/2024 2:35:06 PM
1311,1,1,3,11/23/2024 2:35:06 PM
1312,1,1,5,5/3/2024 2:35:06 PM
1313,4,1,5,7/31/2024 2:35:06 PM
1314,6,1,3,7/23/2024 2:35:06 PM
1315,6,1,3,2/9/2025 2:35:06 PM
1316,7,1,3,11/27/2024 2:35:06 PM
1317,5,1,1,11/19/2024 2:35:06 PM
1318,7,1,5,5/12/2024 2:35:06 PM
1319,2,1,2,9/30/2024 2:35:06 PM
1320,4,1,5,4/12/2024 2:35:06 PM
1321,1,1,1,1/24/2025 2:35:06 PM
1322,4,1,1,4/23/2024 2:35:06 PM
1323,1,1,1,10/9/2024 2:35:06 PM
1324,1,1,3,1/6/2025 2:35:06 PM
1325,7,1,5,1/26/2025 2:35:06 PM
1326,3,1,4,6/29/2024 2:35:06 PM
1327,3,1,4,8/16/2024 2:35:06 PM
1328,1,1,5,1/4/2025 2:35:06 PM
1329,5,1,1,4/21/2024 2:35:06 PM
1330,5,1,3,10/18/2024 2:35:06 PM
1331,5,1,2,12/25/2024 2:35:06 PM
1332,7,1,2,11/9/2024 2:35:06 PM
1333,3,1,5,11/29/2024 2:35:06 PM
1334,5,1,2,4/21/2024 2:35:06 PM
1335,3,1,1,6/23/2024 2:35:06 PM
1336,2,1,1,6/27/2024 2:35:06 PM
1337,7,1,4,11/6/2024 2:35:06 PM
1338,6,1,5,1/10/2025 2:35:06 PM
1339,6,1,3,4/11/2024 2:35:06 PM
1340,4,1,4,6/28/2024 2:35:06 PM
1341,6,1,3,11/15/2024 2:35:06 PM
1342,6,1,1,11/16/2024 2:35:06 PM
1343,1,1,5,9/14/2024 2:35:06 PM
1344,2,1,4,2/25/2025 2:35:06 PM
1345,6,1,1,2/27/2025 2:35:06 PM
1346,6,1,5,2/7/2025 2:35:06 PM
1347,5,1,4,8/14/2024 2:35:06 PM
1348,7,1,3,6/21/2024 2:35:06 PM
1349,1,1,5,5/3/2024 2:35:06 PM
1350,1,1,2,10/4/2024 2:35:06 PM
1351,5,1,1,2/10/2025 2:35:06 PM
1352,7,1,5,6/2/2024 2:35:06 PM
1353,4,1,4,9/12/2024 2:35:06 PM
1354,6,1,3,11/15/2024 2:35:06 PM
1355,5,1,4,12/8/2024 2:35:06 PM
1356,3,1,5,6/18/2024 2:35:06 PM
1357,4,1,3,9/9/2024 2:35:06 PM
1358,5,1,1,6/14/2024 2:35:06 PM
1359,3,1,1,8/10/2024 2:35:06 PM
1360,7,1,2,4/18/2024 2:35:06 PM
1361,4,1,1,5/23/2024 2:35:06 PM
1362,1,1,1,4/24/2024 2:35:06 PM
1363,3,1,3,4/30/2024 2:35:06 PM
1364,4,1,2,10/9/2024 2:35:06 PM
1365,4,1,3,2/14/2025 2:35:06 PM
1366,7,1,1,2/5/2025 2:35:06 PM
1367,2,1,4,1/30/2025 2:35:06 PM
1368,2,1,3,5/19/2024 2:35:06 PM
1369,5,1,4,11/22/2024 2:35:06 PM
1370,4,1,1,6/26/2024 2:35:06 PM
1371,2,1,5,7/24/2024 2:35:06 PM
1372,1,1,4,3/28/2025 2:35:06 PM
1373,2,1,1,6/28/2024 2:35:06 PM
1374,2,1,4,10/29/2024 2:35:06 PM
1375,3,1,5,6/1/2024 2:35:06 PM
1376,6,1,5,2/26/2025 2:35:06 PM
1377,4,1,4,12/10/2024 2:35:06 PM
1378,7,1,3,5/21/2024 2:35:06 PM
1379,1,1,2,7/1/2024 2:35:06 PM
1380,3,1,3,10/2/2024 2:35:06 PM
1381,1,1,3,7/23/2024 2:35:06 PM
1382,4,1,5,3/11/2025 2:35:06 PM
1383,1,1,4,5/18/2024 2:35:06 PM
1384,6,1,5,8/7/2024 2:35:06 PM
1385,1,1,4,8/20/2024 2:35:06 PM
1386,2,1,3,12/15/2024 2:35:06 PM
1387,5,1,2,10/12/2024 2:35:06 PM
1388,1,1,5,5/9/2024 2:35:06 PM
1389,2,1,4,3/7/2025 2:35:06 PM
1390,4,1,1,2/1/2025 2:35:06 PM
1391,4,1,1,3/18/2025 2:35:06 PM
1392,5,1,4,4/2/2024 2:35:06 PM
1393,6,1,5,8/3/2024 2:35:06 PM
1394,5,1,3,12/3/2024 2:35:06 PM
1395,6,1,2,12/20/2024 2:35:06 PM
1396,4,1,3,11/19/2024 2:35:06 PM
1397,2,1,1,3/31/2024 2:35:06 PM
1398,1,1,2,2/17/2025 2:35:06 PM
1399,2,1,5,8/31/2024 2:35:06 PM
1400,2,1,2,1/6/2025 2:35:06 PM
1401,5,1,3,11/25/2024 2:35:06 PM
1402,6,1,2,11/6/2024 2:35:06 PM
1403,1,1,1,6/6/2024 2:35:06 PM
1404,4,1,4,11/8/2024 2:35:06 PM
1405,2,1,1,5/11/2024 2:35:06 PM
1406,1,1,3,4/25/2024 2:35:06 PM
1407,6,1,3,3/10/2025 2:35:06 PM
1408,7,1,5,4/16/2024 2:35:06 PM
1409,6,1,4,7/5/2024 2:35:06 PM
1410,4,1,1,6/8/2024 2:35:06 PM
1411,5,1,1,10/12/2024 2:35:06 PM
1412,4,1,5,5/26/2024 2:35:06 PM
1413,5,1,4,5/8/2024 2:35:06 PM
1414,3,1,3,6/29/2024 2:35:06 PM
1415,3,1,2,5/18/2024 2:35:06 PM
1416,7,1,1,11/11/2024 2:35:06 PM
1417,1,1,1,9/26/2024 2:35:06 PM
1418,6,1,5,7/17/2024 2:35:06 PM
1419,2,1,5,8/18/2024 2:35:06 PM
1420,4,1,1,12/25/2024 2:35:06 PM
1421,2,1,5,10/15/2024 2:35:06 PM
1422,2,1,3,8/7/2024 2:35:06 PM
1423,3,1,1,11/23/2024 2:35:06 PM
1424,1,1,2,6/29/2024 2:35:06 PM
1425,2,1,1,6/3/2024 2:35:06 PM
1426,7,1,4,11/3/2024 2:35:06 PM
1427,2,1,3,12/22/2024 2:35:06 PM
1428,4,1,5,1/14/2025 2:35:06 PM
1429,5,1,1,12/12/2024 2:35:06 PM
1430,3,1,4,11/2/2024 2:35:06 PM
1431,5,1,1,5/9/2024 2:35:06 PM
1432,6,1,1,7/16/2024 2:35:06 PM
1433,3,1,5,10/26/2024 2:35:06 PM
1434,6,1,2,12/12/2024 2:35:06 PM
1435,5,1,3,6/10/2024 2:35:06 PM
1436,3,1,5,8/11/2024 2:35:06 PM
1437,1,1,5,6/22/2024 2:35:06 PM
1438,2,1,2,6/4/2024 2:35:06 PM
1439,3,1,1,4/30/2024 2:35:06 PM
1440,3,1,1,11/23/2024 2:35:06 PM
1441,3,1,4,3/11/2025 2:35:06 PM
1442,3,1,4,7/27/2024 2:35:06 PM
1443,7,1,1,12/29/2024 2:35:06 PM
1444,4,1,1,11/16/2024 2:35:06 PM
1445,5,1,5,3/13/2025 2:35:06 PM
1446,4,1,4,5/18/2024 2:35:06 PM
1447,6,1,2,4/24/2024 2:35:06 PM
1448,4,1,3,12/16/2024 2:35:06 PM
1449,2,1,1,5/1/2024 2:35:06 PM
1450,7,1,3,5/23/2024 2:35:06 PM
1451,4,1,4,11/4/2024 2:35:06 PM
1452,5,1,5,12/25/2024 2:35:06 PM
1453,1,1,2,3/12/2025 2:35:06 PM
1454,3,1,4,10/19/2024 2:35:06 PM
1455,3,1,5,4/25/2024 2:35:06 PM
1456,4,1,5,5/21/2024 2:35:06 PM
1457,2,1,5,3/11/2025 2:35:06 PM
1458,3,1,1,12/19/2024 2:35:06 PM
1459,4,1,5,2/10/2025 2:35:06 PM
1460,4,1,2,10/1/2024 2:35:06 PM
1461,2,1,2,7/12/2024 2:35:06 PM
1462,3,1,4,6/3/2024 2:35:06 PM
1463,3,1,4,7/26/2024 2:35:06 PM
1464,6,1,2,11/2/2024 2:35:06 PM
1465,2,1,1,4/17/2024 2:35:06 PM
1466,4,1,2,3/20/2025 2:35:06 PM
1467,3,1,3,4/6/2024 2:35:06 PM
1468,4,1,2,11/4/2024 2:35:06 PM
1469,2,1,1,3/9/2025 2:35:06 PM
1470,6,1,1,1/7/2025 2:35:06 PM
1471,6,1,3,6/28/2024 2:35:06 PM
1472,3,1,1,1/25/2025 2:35:06 PM
1473,1,1,5,10/12/2024 2:35:06 PM
1474,6,1,1,1/16/2025 2:35:06 PM
1475,2,1,1,7/14/2024 2:35:06 PM
1476,4,1,1,10/21/2024 2:35:06 PM
1477,3,1,3,8/24/2024 2:35:06 PM
1478,1,1,1,8/7/2024 2:35:06 PM
1479,5,1,5,11/20/2024 2:35:06 PM
1480,2,1,1,9/24/2024 2:35:06 PM
1481,7,1,2,7/1/2024 2:35:06 PM
1482,1,1,5,11/7/2024 2:35:06 PM
1483,3,1,1,7/30/2024 2:35:06 PM
1484,6,1,1,1/29/2025 2:35:06 PM
1485,4,1,1,9/25/2024 2:35:06 PM
1486,5,1,5,8/9/2024 2:35:06 PM
1487,5,1,5,4/12/2024 2:35:06 PM
1488,6,1,3,7/6/2024 2:35:06 PM
1489,1,1,4,1/18/2025 2:35:06 PM
1490,6,1,3,3/21/2025 2:35:06 PM
1491,3,1,5,4/1/2024 2:35:06 PM
1492,4,1,1,1/11/2025 2:35:06 PM
1493,1,1,4,7/18/2024 2:35:06 PM
1494,5,1,1,11/18/2024 2:35:06 PM
1495,4,1,4,9/21/2024 2:35:06 PM
1496,3,1,4,6/19/2024 2:35:06 PM
1497,4,1,4,9/24/2024 2:35:06 PM
1498,5,1,3,2/15/2025 2:35:06 PM
1499,2,1,5,9/7/2024 2:35:06 PM
1500,2,1,1,7/6/2024 2:35:06 PM
1501,2,1,1,9/29/2024 2:35:06 PM
1502,3,1,5,7/22/2024 2:35:06 PM
1503,7,1,2,1/7/2025 2:35:06 PM
1504,2,1,4,10/21/2024 2:35:06 PM
1505,4,1,3,4/17/2024 2:35:06 PM
1506,2,1,4,10/27/2024 2:35:06 PM
1507,7,1,2,12/19/2024 2:35:06 PM
1508,5,1,4,3/8/2025 2:35:06 PM
1509,7,1,2,11/11/2024 2:35:06 PM
1510,1,1,4,2/4/2025 2:35:06 PM
1511,7,1,2,5/17/2024 2:35:06 PM
1512,6,1,2,7/27/2024 2:35:06 PM
1513,7,1,4,1/16/2025 2:35:06 PM
1514,3,1,1,1/18/2025 2:35:06 PM
1515,4,1,2,9/19/2024 2:35:06 PM
1516,3,1,5,6/19/2024 2:35:06 PM
1517,6,1,4,2/12/2025 2:35:06 PM
1518,7,1,2,12/1/2024 2:35:06 PM
1519,3,1,5,6/30/2024 2:35:06 PM
1520,4,1,5,4/20/2024 2:35:06 PM
1521,1,1,5,9/10/2024 2:35:06 PM
1522,5,1,3,10/1/2024 2:35:06 PM
1523,1,1,4,12/9/2024 2:35:06 PM
1524,2,1,5,10/30/2024 2:35:06 PM
1525,6,1,2,4/27/2024 2:35:06 PM
1526,1,1,1,11/10/2024 2:35:06 PM
1527,5,1,4,8/14/2024 2:35:06 PM
1528,3,1,2,8/20/2024 2:35:06 PM
1529,7,1,2,2/25/2025 2:35:06 PM
1530,4,1,3,10/12/2024 2:35:06 PM
1531,4,1,1,5/12/2024 2:35:06 PM
1532,6,1,5,2/27/2025 2:35:06 PM
1533,2,1,5,9/19/2024 2:35:06 PM
1534,6,1,3,10/3/2024 2:35:06 PM
1535,2,1,5,6/15/2024 2:35:06 PM
1536,7,1,1,6/28/2024 2:35:06 PM
1537,1,1,3,12/28/2024 2:35:06 PM
1538,7,1,4,7/19/2024 2:35:06 PM
1539,3,1,2,6/14/2024 2:35:06 PM
1540,4,1,4,7/24/2024 2:35:06 PM
1541,3,1,2,7/13/2024 2:35:06 PM
1542,5,1,1,10/7/2024 2:35:06 PM
1543,1,1,1,11/14/2024 2:35:06 PM
1544,5,1,4,2/5/2025 2:35:06 PM
1545,7,1,4,10/29/2024 2:35:06 PM
1546,4,1,4,6/3/2024 2:35:06 PM
1547,5,1,3,7/6/2024 2:35:06 PM
1548,7,1,1,1/23/2025 2:35:06 PM
1549,5,1,5,8/25/2024 2:35:06 PM
1550,3,1,1,1/12/2025 2:35:06 PM
1551,4,1,3,7/20/2024 2:35:06 PM
1552,4,1,5,12/6/2024 2:35:06 PM
1553,7,1,2,11/25/2024 2:35:06 PM
1554,2,1,2,5/18/2024 2:35:06 PM
1555,1,1,3,8/5/2024 2:35:06 PM
1556,1,1,3,9/16/2024 2:35:06 PM
1557,4,1,2,1/27/2025 2:35:06 PM
1558,7,1,1,12/16/2024 2:35:06 PM
1559,6,1,5,10/3/2024 2:35:06 PM
1560,4,1,3,6/20/2024 2:35:06 PM
1561,6,1,3,11/22/2024 2:35:06 PM
1562,6,1,5,2/27/2025 2:35:06 PM
1563,7,1,1,5/29/2024 2:35:06 PM
1564,6,1,2,10/29/2024 2:35:06 PM
1565,4,1,3,11/9/2024 2:35:06 PM
1566,7,1,2,5/21/2024 2:35:06 PM
1567,7,1,3,11/14/2024 2:35:06 PM
1568,7,1,4,6/16/2024 2:35:06 PM
1569,7,1,3,7/24/2024 2:35:06 PM
1570,3,1,5,12/2/2024 2:35:06 PM
1571,7,1,2,3/2/2025 2:35:06 PM
1572,1,1,3,12/1/2024 2:35:06 PM
1573,2,1,2,4/16/2024 2:35:06 PM
1574,4,1,5,10/15/2024 2:35:06 PM
1575,1,1,4,9/22/2024 2:35:06 PM
1576,1,1,2,4/12/2024 2:35:06 PM
1577,3,1,3,8/27/2024 2:35:06 PM
1578,4,1,1,4/21/2024 2:35:06 PM
1579,3,1,5,3/20/2025 2:35:06 PM
1580,3,1,1,11/30/2024 2:35:06 PM
1581,6,1,3,8/25/2024 2:35:06 PM
1582,3,1,4,5/26/2024 2:35:06 PM
1583,1,1,4,1/5/2025 2:35:06 PM
1584,2,1,5,9/26/2024 2:35:06 PM
1585,5,1,2,6/26/2024 2:35:06 PM
1586,6,1,5,8/11/2024 2:35:06 PM
1587,7,1,3,12/26/2024 2:35:06 PM
1588,6,1,2,6/6/2024 2:35:06 PM
1589,5,1,1,3/18/2025 2:35:06 PM
1590,5,1,5,5/21/2024 2:35:06 PM
1591,2,1,2,2/22/2025 2:35:06 PM
1592,5,1,4,2/10/2025 2:35:06 PM
1593,5,1,1,11/30/2024 2:35:06 PM
1594,1,1,1,5/10/2024 2:35:06 PM
1595,3,1,1,1/20/2025 2:35:06 PM
1596,7,1,5,2/13/2025 2:35:06 PM
1597,7,1,1,12/4/2024 2:35:06 PM
1598,3,1,5,10/4/2024 2:35:06 PM
1599,3,1,2,3/4/2025 2:35:06 PM
1600,3,1,3,2/28/2025 2:35:06 PM
1601,5,1,2,10/8/2024 2:35:06 PM
1602,6,1,3,1/6/2025 2:35:06 PM
1603,6,1,4,3/21/2025 2:35:06 PM
1604,3,1,2,6/14/2024 2:35:06 PM
1605,2,1,2,12/13/2024 2:35:06 PM
1606,3,1,1,12/28/2024 2:35:06 PM
1607,7,1,5,7/7/2024 2:35:06 PM
1608,4,1,5,4/9/2024 2:35:06 PM
1609,1,1,3,7/17/2024 2:35:06 PM
1610,5,1,1,11/22/2024 2:35:06 PM
1611,2,1,3,2/24/2025 2:35:06 PM
1612,5,1,4,8/23/2024 2:35:06 PM
1613,5,1,4,2/25/2025 2:35:06 PM
1614,7,1,3,9/14/2024 2:35:06 PM
1615,4,1,1,7/31/2024 2:35:06 PM
1616,5,1,4,8/2/2024 2:35:06 PM
1617,4,1,5,4/14/2024 2:35:06 PM
1618,6,1,4,8/13/2024 2:35:06 PM
1619,5,1,1,12/20/2024 2:35:06 PM
1620,2,1,1,4/12/2024 2:35:06 PM
1621,3,1,2,11/20/2024 2:35:06 PM
1622,1,1,2,1/7/2025 2:35:06 PM
1623,3,1,5,11/15/2024 2:35:06 PM
1624,1,1,5,11/9/2024 2:35:06 PM
1625,3,1,2,10/12/2024 2:35:06 PM
1626,7,1,1,1/3/2025 2:35:06 PM
1627,3,1,1,7/9/2024 2:35:06 PM
1628,6,1,1,5/5/2024 2:35:06 PM
1629,2,1,2,2/2/2025 2:35:06 PM
1630,3,1,5,2/9/2025 2:35:06 PM
1631,7,1,4,6/9/2024 2:35:06 PM
1632,1,1,1,5/19/2024 2:35:06 PM
1633,3,1,5,7/28/2024 2:35:06 PM
1634,3,1,5,1/15/2025 2:35:06 PM
1635,4,1,5,11/23/2024 2:35:06 PM
1636,1,1,2,5/15/2024 2:35:06 PM
1637,1,1,1,7/9/2024 2:35:06 PM
1638,1,1,4,7/30/2024 2:35:06 PM
1639,6,1,5,3/13/2025 2:35:06 PM
1640,5,1,1,3/24/2025 2:35:06 PM
1641,2,1,3,3/8/2025 2:35:06 PM
1642,1,1,1,11/29/2024 2:35:06 PM
1643,5,1,1,1/31/2025 2:35:06 PM
1644,6,1,4,3/20/2025 2:35:06 PM
1645,5,1,3,1/9/2025 2:35:06 PM
1646,5,1,2,2/16/2025 2:35:06 PM
1647,4,1,2,9/26/2024 2:35:06 PM
1648,2,1,1,2/16/2025 2:35:06 PM
1649,5,1,5,2/1/2025 2:35:06 PM
1650,1,1,4,4/15/2024 2:35:06 PM
1651,2,1,4,11/27/2024 2:35:06 PM
1652,6,1,5,12/13/2024 2:35:06 PM
1653,3,1,4,3/8/2025 2:35:06 PM
1654,3,1,2,11/16/2024 2:35:06 PM
1655,4,1,4,8/13/2024 2:35:06 PM
1656,7,1,1,1/4/2025 2:35:06 PM
1657,1,1,5,11/17/2024 2:35:06 PM
1658,4,1,5,9/19/2024 2:35:06 PM
1659,6,1,3,9/18/2024 2:35:06 PM
1660,1,1,5,12/6/2024 2:35:06 PM
1661,4,1,4,6/10/2024 2:35:06 PM
1662,1,1,4,2/14/2025 2:35:06 PM
1663,1,1,4,3/24/2025 2:35:06 PM
1664,1,1,2,12/5/2024 2:35:06 PM
1665,6,1,2,8/12/2024 2:35:06 PM
1666,3,1,2,10/15/2024 2:35:06 PM
1667,7,1,2,8/31/2024 2:35:06 PM
1668,4,1,5,11/21/2024 2:35:06 PM
1669,4,1,4,4/8/2024 2:35:06 PM
1670,7,1,2,4/1/2024 2:35:06 PM
1671,1,1,3,6/3/2024 2:35:06 PM
1672,1,1,1,12/12/2024 2:35:06 PM
1673,1,1,1,3/23/2025 2:35:06 PM
1674,3,1,3,12/15/2024 2:35:06 PM
1675,1,1,1,1/3/2025 2:35:06 PM
1676,5,1,3,2/22/2025 2:35:06 PM
1677,2,1,5,1/6/2025 2:35:06 PM
1678,5,1,1,4/25/2024 2:35:06 PM
1679,7,1,1,8/28/2024 2:35:06 PM
1680,1,1,4,1/24/2025 2:35:06 PM
1681,2,1,1,6/3/2024 2:35:06 PM
1682,7,1,3,2/5/2025 2:35:06 PM
1683,4,1,5,7/14/2024 2:35:06 PM
1684,7,1,1,4/17/2024 2:35:06 PM
1685,4,1,4,2/12/2025 2:35:06 PM
1686,4,1,2,11/26/2024 2:35:06 PM
1687,4,1,2,1/9/2025 2:35:06 PM
1688,1,1,5,6/27/2024 2:35:06 PM
1689,2,1,1,3/8/2025 2:35:06 PM
1690,2,1,4,8/9/2024 2:35:06 PM
1691,6,1,5,3/24/2025 2:35:06 PM
1692,2,1,1,7/13/2024 2:35:06 PM
1693,7,1,5,5/23/2024 2:35:06 PM
1694,4,1,4,6/4/2024 2:35:06 PM
1695,7,1,1,10/21/2024 2:35:06 PM
1696,4,1,4,11/12/2024 2:35:06 PM
1697,3,1,3,10/18/2024 2:35:06 PM
1698,2,1,2,8/5/2024 2:35:06 PM
1699,4,1,5,6/8/2024 2:35:06 PM
1700,5,1,1,1/30/2025 2:35:06 PM
1701,1,1,2,11/27/2024 2:35:06 PM
1702,6,1,2,1/26/2025 2:35:06 PM
1703,1,1,3,5/13/2024 2:35:06 PM
1704,2,1,3,10/13/2024 2:35:06 PM
1705,6,1,4,7/30/2024 2:35:06 PM
1706,4,1,5,4/14/2024 2:35:06 PM
1707,4,1,2,9/17/2024 2:35:06 PM
1708,5,1,5,5/9/2024 2:35:06 PM
1709,5,1,2,12/29/2024 2:35:06 PM
1710,5,1,5,12/14/2024 2:35:06 PM
1711,7,1,3,3/5/2025 2:35:06 PM
1712,3,1,2,3/17/2025 2:35:06 PM
1713,2,1,1,10/4/2024 2:35:06 PM
1714,4,1,5,6/29/2024 2:35:06 PM
1715,3,1,2,1/28/2025 2:35:06 PM
1716,5,1,1,6/13/2024 2:35:06 PM
1717,3,1,4,1/12/2025 2:35:06 PM
1718,1,1,4,12/12/2024 2:35:06 PM
1719,1,1,2,9/1/2024 2:35:06 PM
1720,6,1,5,5/28/2024 2:35:06 PM
1721,4,1,5,3/18/2025 2:35:06 PM
1722,1,1,1,8/13/2024 2:35:06 PM
1723,7,1,2,10/19/2024 2:35:06 PM
1724,2,1,2,5/21/2024 2:35:06 PM
1725,6,1,4,5/14/2024 2:35:06 PM
1726,3,1,2,12/10/2024 2:35:06 PM
1727,7,1,2,10/10/2024 2:35:06 PM
1728,4,1,5,12/29/2024 2:35:06 PM
1729,6,1,1,12/18/2024 2:35:06 PM
1730,7,1,3,6/19/2024 2:35:06 PM
1731,2,1,1,2/14/2025 2:35:06 PM
1732,7,1,1,11/3/2024 2:35:06 PM
1733,6,1,5,2/21/2025 2:35:06 PM
1734,5,1,4,7/31/2024 2:35:06 PM
1735,3,1,4,4/13/2024 2:35:06 PM
1736,5,1,4,11/8/2024 2:35:06 PM
1737,1,1,4,3/10/2025 2:35:06 PM
1738,3,1,5,10/6/2024 2:35:06 PM
1739,1,1,1,10/18/2024 2:35:06 PM
1740,5,1,3,8/5/2024 2:35:06 PM
1741,7,1,5,6/5/2024 2:35:06 PM
1742,7,1,5,10/27/2024 2:35:06 PM
1743,6,1,3,6/18/2024 2:35:06 PM
1744,5,1,1,6/19/2024 2:35:06 PM
1745,6,1,1,8/22/2024 2:35:06 PM
1746,4,1,4,7/8/2024 2:35:06 PM
1747,7,1,3,11/22/2024 2:35:06 PM
1748,1,1,2,5/2/2024 2:35:06 PM
1749,3,1,2,7/8/2024 2:35:06 PM
1750,1,1,5,3/17/2025 2:35:06 PM
1751,6,1,5,10/24/2024 2:35:06 PM
1752,7,1,1,3/20/2025 2:35:06 PM
1753,1,1,2,12/19/2024 2:35:06 PM
1754,7,1,1,1/30/2025 2:35:06 PM
1755,6,1,2,11/9/2024 2:35:06 PM
1756,6,1,3,2/21/2025 2:35:06 PM
1757,4,1,5,4/8/2024 2:35:06 PM
1758,5,1,2,10/25/2024 2:35:06 PM
1759,4,1,4,12/1/2024 2:35:06 PM
1760,2,1,4,5/8/2024 2:35:06 PM
1761,1,1,1,2/21/2025 2:35:06 PM
1762,2,1,1,11/19/2024 2:35:06 PM
1763,1,1,2,4/23/2024 2:35:06 PM
1764,6,1,5,1/8/2025 2:35:06 PM
1765,5,1,1,8/4/2024 2:35:06 PM
1766,3,1,4,1/20/2025 2:35:06 PM
1767,5,1,3,1/26/2025 2:35:06 PM
1768,4,1,2,8/27/2024 2:35:06 PM
1769,2,1,5,5/22/2024 2:35:06 PM
1770,3,1,5,9/17/2024 2:35:06 PM
1771,6,1,2,1/19/2025 2:35:06 PM
1772,7,1,3,9/30/2024 2:35:06 PM
1773,7,1,1,8/19/2024 2:35:06 PM
1774,5,1,4,9/9/2024 2:35:06 PM
1775,5,1,5,3/21/2025 2:35:06 PM
1776,1,1,4,10/3/2024 2:35:06 PM
1777,3,1,3,6/1/2024 2:35:06 PM
1778,3,1,3,12/1/2024 2:35:06 PM
1779,3,1,5,9/17/2024 2:35:06 PM
1780,3,1,4,9/19/2024 2:35:06 PM
1781,7,1,2,4/13/2024 2:35:06 PM
1782,5,1,1,8/15/2024 2:35:06 PM
1783,6,1,4,7/5/2024 2:35:06 PM
1784,5,1,1,5/2/2024 2:35:06 PM
1785,5,1,3,12/28/2024 2:35:06 PM
1786,2,1,4,10/28/2024 2:35:06 PM
1787,2,1,1,5/21/2024 2:35:06 PM
1788,5,1,1,8/13/2024 2:35:06 PM
1789,7,1,1,8/2/2024 2:35:06 PM
1790,6,1,3,2/20/2025 2:35:06 PM
1791,4,1,1,3/8/2025 2:35:06 PM
1792,4,1,5,7/20/2024 2:35:06 PM
1793,2,1,2,2/17/2025 2:35:06 PM
1794,7,1,2,12/18/2024 2:35:06 PM
1795,5,1,5,8/22/2024 2:35:06 PM
1796,4,1,2,12/5/2024 2:35:06 PM
1797,1,1,1,7/8/2024 2:35:06 PM
1798,3,1,2,12/13/2024 2:35:06 PM
1799,2,1,3,5/1/2024 2:35:06 PM
1800,1,1,3,2/26/2025 2:35:06 PM
1801,7,1,3,9/30/2024 2:35:06 PM
1802,7,1,4,12/22/2024 2:35:06 PM
1803,3,1,3,1/24/2025 2:35:06 PM
1804,5,1,2,12/23/2024 2:35:06 PM
1805,1,1,4,3/19/2025 2:35:06 PM
1806,3,1,5,10/12/2024 2:35:06 PM
1807,6,1,2,3/1/2025 2:35:06 PM
1808,5,1,2,10/31/2024 2:35:06 PM
1809,7,1,3,10/23/2024 2:35:06 PM
1810,5,1,3,7/23/2024 2:35:06 PM
1811,5,1,3,11/16/2024 2:35:06 PM
1812,6,1,1,3/25/2025 2:35:06 PM
1813,2,1,2,7/17/2024 2:35:06 PM
1814,1,1,2,6/11/2024 2:35:06 PM
1815,5,1,4,8/10/2024 2:35:06 PM
1816,2,1,2,10/22/2024 2:35:06 PM
1817,6,1,2,12/25/2024 2:35:06 PM
1818,6,1,1,6/13/2024 2:35:06 PM
1819,6,1,3,6/10/2024 2:35:06 PM
1820,5,1,4,10/5/2024 2:35:06 PM
1821,1,1,3,7/10/2024 2:35:06 PM
1822,4,1,5,11/12/2024 2:35:06 PM
1823,2,1,3,4/14/2024 2:35:06 PM
1824,5,1,2,10/9/2024 2:35:06 PM
1825,7,1,4,1/18/2025 2:35:06 PM
1826,6,1,2,6/17/2024 2:35:06 PM
1827,5,1,2,7/22/2024 2:35:06 PM
1828,1,1,4,4/5/2024 2:35:06 PM
1829,5,1,3,8/20/2024 2:35:06 PM
1830,5,1,5,9/16/2024 2:35:06 PM
1831,1,1,1,12/6/2024 2:35:06 PM
1832,7,1,3,11/17/2024 2:35:06 PM
1833,1,1,1,6/10/2024 2:35:06 PM
1834,2,1,2,3/2/2025 2:35:06 PM
1835,7,1,1,1/27/2025 2:35:06 PM
1836,5,1,1,10/24/2024 2:35:06 PM
1837,4,1,3,8/27/2024 2:35:06 PM
1838,4,1,4,12/21/2024 2:35:06 PM
1839,6,1,5,1/12/2025 2:35:06 PM
1840,6,1,4,5/19/2024 2:35:06 PM
1841,7,1,3,6/13/2024 2:35:06 PM
1842,5,1,2,1/28/2025 2:35:06 PM
1843,2,1,1,3/2/2025 2:35:06 PM
1844,2,1,2,10/11/2024 2:35:06 PM
1845,4,1,4,4/9/2024 2:35:06 PM
1846,5,1,3,10/14/2024 2:35:06 PM
1847,2,1,4,7/16/2024 2:35:06 PM
1848,2,1,2,5/9/2024 2:35:06 PM
1849,6,1,1,2/20/2025 2:35:06 PM
1850,4,1,2,11/11/2024 2:35:06 PM
1851,3,1,5,9/15/2024 2:35:06 PM
1852,6,1,5,1/6/2025 2:35:06 PM
1853,1,1,3,3/12/2025 2:35:06 PM
1854,2,1,3,10/28/2024 2:35:06 PM
1855,3,1,3,7/13/2024 2:35:06 PM
1856,5,1,2,7/21/2024 2:35:06 PM
1857,2,1,4,11/7/2024 2:35:06 PM
1858,6,1,2,12/10/2024 2:35:06 PM
1859,6,1,3,10/6/2024 2:35:06 PM
1860,1,1,4,11/6/2024 2:35:06 PM
1861,2,1,3,12/19/2024 2:35:06 PM
1862,4,1,4,7/20/2024 2:35:06 PM
1863,1,1,2,1/2/2025 2:35:06 PM
1864,3,1,1,12/30/2024 2:35:06 PM
1865,3,1,2,12/30/2024 2:35:06 PM
1866,4,1,2,6/14/2024 2:35:06 PM
1867,3,1,2,3/30/2024 2:35:06 PM
1868,6,1,3,6/19/2024 2:35:06 PM
1869,4,1,1,8/29/2024 2:35:06 PM
1870,1,1,1,10/30/2024 2:35:06 PM
1871,4,1,3,1/4/2025 2:35:06 PM
1872,1,1,5,2/26/2025 2:35:06 PM
1873,1,1,4,5/10/2024 2:35:06 PM
1874,6,1,4,11/29/2024 2:35:06 PM
1875,3,1,4,5/17/2024 2:35:06 PM
1876,6,1,2,10/18/2024 2:35:06 PM
1877,4,1,2,4/26/2024 2:35:06 PM
1878,2,1,3,5/2/2024 2:35:06 PM
1879,5,1,4,8/27/2024 2:35:06 PM
1880,2,1,1,1/20/2025 2:35:06 PM
1881,4,1,3,2/5/2025 2:35:06 PM
1882,7,1,4,3/19/2025 2:35:06 PM
1883,3,1,2,1/26/2025 2:35:06 PM
1884,3,1,4,8/24/2024 2:35:06 PM
1885,6,1,5,4/18/2024 2:35:06 PM
1886,4,1,5,10/27/2024 2:35:06 PM
1887,3,1,1,10/20/2024 2:35:06 PM
1888,5,1,3,1/25/2025 2:35:06 PM
1889,6,1,4,12/13/2024 2:35:06 PM
1890,3,1,3,11/7/2024 2:35:06 PM
1891,2,1,2,7/29/2024 2:35:06 PM
1892,2,1,1,11/3/2024 2:35:06 PM
1893,4,1,4,1/8/2025 2:35:06 PM
1894,4,1,4,1/7/2025 2:35:06 PM
1895,6,1,1,1/30/2025 2:35:06 PM
1896,5,1,5,6/25/2024 2:35:06 PM
1897,6,1,5,11/10/2024 2:35:06 PM
1898,3,1,4,8/22/2024 2:35:06 PM
1899,5,1,4,5/23/2024 2:35:06 PM
1900,3,1,2,4/16/2024 2:35:06 PM
1901,5,1,1,4/20/2024 2:35:06 PM
1902,1,1,2,1/8/2025 2:35:06 PM
1903,2,1,2,4/30/2024 2:35:06 PM
1904,7,1,3,9/30/2024 2:35:06 PM
1905,7,1,1,12/9/2024 2:35:06 PM
1906,1,1,4,5/18/2024 2:35:06 PM
1907,1,1,1,7/15/2024 2:35:06 PM
1908,6,1,2,10/3/2024 2:35:06 PM
1909,5,1,1,6/28/2024 2:35:06 PM
1910,3,1,4,8/9/2024 2:35:06 PM
1911,3,1,4,9/6/2024 2:35:06 PM
1912,4,1,3,11/26/2024 2:35:06 PM
1913,1,1,2,7/27/2024 2:35:06 PM
1914,5,1,3,11/21/2024 2:35:06 PM
1915,6,1,5,6/6/2024 2:35:06 PM
1916,2,1,4,3/19/2025 2:35:06 PM
1917,3,1,3,6/18/2024 2:35:06 PM
1918,6,1,4,7/6/2024 2:35:06 PM
1919,5,1,1,11/4/2024 2:35:06 PM
1920,6,1,2,6/30/2024 2:35:06 PM
1921,3,1,4,8/26/2024 2:35:06 PM
1922,1,1,5,5/15/2024 2:35:06 PM
1923,7,1,2,7/14/2024 2:35:06 PM
1924,7,1,1,5/11/2024 2:35:06 PM
1925,7,1,4,5/21/2024 2:35:06 PM
1926,4,1,1,12/7/2024 2:35:06 PM
1927,3,1,4,12/8/2024 2:35:06 PM
1928,4,1,4,2/19/2025 2:35:06 PM
1929,4,1,3,12/22/2024 2:35:06 PM
1930,6,1,1,6/29/2024 2:35:06 PM
1931,3,1,1,2/19/2025 2:35:06 PM
1932,5,1,2,12/17/2024 2:35:06 PM
1933,2,1,2,9/23/2024 2:35:06 PM
1934,5,1,2,5/5/2024 2:35:06 PM
1935,2,1,3,9/27/2024 2:35:06 PM
1936,7,1,5,3/2/2025 2:35:06 PM
1937,6,1,3,10/1/2024 2:35:06 PM
1938,1,1,1,3/1/2025 2:35:06 PM
1939,2,1,1,3/4/2025 2:35:06 PM
1940,4,1,3,7/29/2024 2:35:06 PM
1941,1,1,3,3/6/2025 2:35:06 PM
1942,6,1,5,9/26/2024 2:35:06 PM
1943,6,1,2,2/21/2025 2:35:06 PM
1944,1,1,3,9/15/2024 2:35:06 PM
1945,7,1,3,4/29/2024 2:35:06 PM
1946,1,1,3,2/9/2025 2:35:06 PM
1947,4,1,5,10/6/2024 2:35:06 PM
1948,4,1,3,8/6/2024 2:35:06 PM
1949,3,1,4,4/26/2024 2:35:06 PM
1950,1,1,1,5/19/2024 2:35:06 PM
1951,3,1,4,2/3/2025 2:35:06 PM
1952,2,1,4,3/25/2025 2:35:06 PM
1953,2,1,2,3/23/2025 2:35:06 PM
1954,3,1,5,5/15/2024 2:35:06 PM
1955,4,1,3,10/20/2024 2:35:06 PM
1956,1,1,2,9/15/2024 2:35:06 PM
1957,5,1,4,12/30/2024 2:35:06 PM
1958,6,1,2,2/28/2025 2:35:06 PM
1959,3,1,5,7/8/2024 2:35:06 PM
1960,7,1,4,8/2/2024 2:35:06 PM
1961,6,1,5,2/27/2025 2:35:06 PM
1962,4,1,5,12/28/2024 2:35:06 PM
1963,4,1,4,8/6/2024 2:35:06 PM
1964,2,1,1,9/7/2024 2:35:06 PM
1965,7,1,5,1/6/2025 2:35:06 PM
1966,6,1,1,7/31/2024 2:35:06 PM
1967,4,1,5,12/4/2024 2:35:06 PM
1968,6,1,4,9/12/2024 2:35:06 PM
1969,2,1,4,10/10/2024 2:35:06 PM
1970,3,1,2,8/29/2024 2:35:06 PM
1971,2,1,2,10/2/2024 2:35:06 PM
1972,7,1,3,5/13/2024 2:35:06 PM
1973,5,1,2,12/18/2024 2:35:06 PM
1974,6,1,1,10/14/2024 2:35:06 PM
1975,7,1,2,11/6/2024 2:35:06 PM
1976,2,1,3,1/6/2025 2:35:06 PM
1977,3,1,1,7/25/2024 2:35:06 PM
1978,5,1,3,11/9/2024 2:35:06 PM
1979,1,1,3,3/23/2025 2:35:06 PM
1980,4,1,2,1/6/2025 2:35:06 PM
1981,4,1,1,5/8/2024 2:35:06 PM
1982,7,1,1,4/20/2024 2:35:06 PM
1983,5,1,4,7/25/2024 2:35:06 PM
1984,7,1,3,4/24/2024 2:35:06 PM
1985,2,1,1,9/22/2024 2:35:06 PM
1986,5,1,2,7/29/2024 2:35:06 PM
1987,7,1,4,5/17/2024 2:35:06 PM
1988,3,1,2,10/26/2024 2:35:06 PM
1989,5,1,3,6/19/2024 2:35:06 PM
1990,2,1,2,5/22/2024 2:35:06 PM
1991,5,1,3,1/24/2025 2:35:06 PM
1992,2,1,4,12/6/2024 2:35:06 PM
1993,7,1,2,2/27/2025 2:35:06 PM
1994,1,1,4,10/5/2024 2:35:06 PM
1995,4,1,3,12/20/2024 2:35:06 PM
1996,2,1,2,2/17/2025 2:35:06 PM
1997,7,1,1,3/25/2025 2:35:06 PM
1998,2,1,3,5/15/2024 2:35:06 PM
1999,6,1,3,8/8/2024 2:35:06 PM
2000,5,1,1,4/14/2024 2:35:06 PM
2001,5,1,3,9/29/2024 2:35:06 PM
2002,3,1,5,7/26/2024 2:35:06 PM
2003,7,1,1,6/10/2024 2:35:06 PM
2004,5,1,5,5/28/2024 2:35:06 PM
2005,5,1,5,5/19/2024 2:35:06 PM
2006,6,1,3,8/22/2024 2:35:06 PM
2007,4,1,3,2/13/2025 2:35:06 PM
2008,7,1,2,7/12/2024 2:35:06 PM
2009,6,1,3,4/2/2024 2:35:06 PM
2010,6,1,3,9/9/2024 2:35:06 PM
2011,7,1,4,6/8/2024 2:35:06 PM
2012,1,1,1,3/2/2025 2:35:06 PM
2013,6,1,4,5/22/2024 2:35:06 PM
2014,1,1,4,1/18/2025 2:35:06 PM
2015,2,1,4,1/15/2025 2:35:06 PM
2016,6,1,1,12/16/2024 2:35:06 PM
2017,4,1,1,12/26/2024 2:35:06 PM
2018,2,1,2,3/16/2025 2:35:06 PM
2019,7,1,2,8/8/2024 2:35:06 PM
2020,5,1,2,12/11/2024 2:35:06 PM
2021,4,1,3,7/13/2024 2:35:06 PM
2022,6,1,4,11/2/2024 2:35:06 PM
2023,7,1,3,12/16/2024 2:35:06 PM
2024,4,1,2,11/17/2024 2:35:06 PM
2025,2,1,2,9/19/2024 2:35:06 PM
2026,1,1,3,1/22/2025 2:35:06 PM
2027,1,1,5,1/17/2025 2:35:06 PM
2028,7,1,3,4/22/2024 2:35:06 PM
2029,5,1,4,7/23/2024 2:35:06 PM
2030,2,1,2,12/11/2024 2:35:06 PM
2031,5,1,5,12/26/2024 2:35:06 PM
2032,4,1,5,11/9/2024 2:35:06 PM
2033,2,1,2,2/10/2025 2:35:06 PM
2034,3,1,2,3/5/2025 2:35:06 PM
2035,3,1,5,7/19/2024 2:35:06 PM
2036,4,1,1,8/1/2024 2:35:06 PM
2037,4,1,5,11/16/2024 2:35:06 PM
2038,7,1,4,2/18/2025 2:35:06 PM
2039,1,1,4,2/11/2025 2:35:06 PM
2040,3,1,4,6/16/2024 2:35:06 PM
2041,3,1,5,11/21/2024 2:35:06 PM
2042,7,1,2,7/18/2024 2:35:06 PM
2043,1,1,2,5/31/2024 2:35:06 PM
2044,1,1,1,10/7/2024 2:35:06 PM
2045,5,1,2,6/10/2024 2:35:06 PM
2046,7,1,5,8/21/2024 2:35:06 PM
2047,6,1,3,3/7/2025 2:35:06 PM
2048,2,1,1,10/10/2024 2:35:06 PM
2049,4,1,3,12/30/2024 2:35:06 PM
2050,3,1,3,2/25/2025 2:35:06 PM
2051,5,1,4,9/17/2024 2:35:06 PM
2052,7,1,2,11/4/2024 2:35:06 PM
2053,2,1,2,2/18/2025 2:35:06 PM
2054,4,1,4,2/6/2025 2:35:06 PM
2055,5,1,4,12/7/2024 2:35:06 PM
2056,6,1,2,10/22/2024 2:35:06 PM
2057,2,1,5,2/11/2025 2:35:06 PM
2058,6,1,4,3/23/2025 2:35:06 PM
2059,2,1,4,6/14/2024 2:35:06 PM
2060,4,1,5,6/12/2024 2:35:06 PM
2061,4,1,3,7/12/2024 2:35:06 PM
2062,2,1,3,6/24/2024 2:35:06 PM
2063,5,1,3,11/4/2024 2:35:06 PM
2064,6,1,3,4/1/2024 2:35:06 PM
2065,3,1,3,4/22/2024 2:35:06 PM
2066,4,1,2,12/5/2024 2:35:06 PM
2067,6,1,3,7/28/2024 2:35:06 PM
2068,4,1,4,12/18/2024 2:35:06 PM
2069,6,1,4,11/27/2024 2:35:06 PM
2070,7,1,1,8/31/2024 2:35:06 PM
2071,6,1,2,4/22/2024 2:35:06 PM
2072,1,1,4,7/24/2024 2:35:06 PM
2073,4,1,4,1/1/2025 2:35:06 PM
2074,5,1,2,10/13/2024 2:35:06 PM
2075,3,1,4,11/19/2024 2:35:06 PM
2076,6,1,5,11/6/2024 2:35:06 PM
2077,2,1,4,3/16/2025 2:35:06 PM
2078,5,1,5,12/27/2024 2:35:06 PM
2079,1,1,2,7/16/2024 2:35:06 PM
2080,6,1,5,7/27/2024 2:35:06 PM
2081,1,1,3,7/28/2024 2:35:06 PM
2082,5,1,3,10/14/2024 2:35:06 PM
2083,5,1,3,10/30/2024 2:35:06 PM
2084,4,1,2,3/6/2025 2:35:06 PM
2085,7,1,5,4/5/2024 2:35:06 PM
2086,4,1,4,11/22/2024 2:35:06 PM
2087,3,1,5,8/17/2024 2:35:06 PM
2088,6,1,2,11/18/2024 2:35:06 PM
2089,3,1,4,1/17/2025 2:35:06 PM
2090,4,1,5,7/14/2024 2:35:06 PM
2091,2,1,4,1/27/2025 2:35:06 PM
2092,1,1,5,4/9/2024 2:35:06 PM
2093,5,1,1,7/11/2024 2:35:06 PM
2094,7,1,2,3/18/2025 2:35:06 PM
2095,4,1,3,11/21/2024 2:35:06 PM
2096,6,1,1,7/3/2024 2:35:06 PM
2097,5,1,5,11/5/2024 2:35:06 PM
2098,6,1,2,2/18/2025 2:35:06 PM
2099,1,1,3,2/24/2025 2:35:06 PM
2100,7,1,3,6/8/2024 2:35:06 PM
2101,2,1,2,10/24/2024 2:35:06 PM
2102,7,1,1,11/16/2024 2:35:06 PM
2103,6,1,2,6/21/2024 2:35:06 PM
2104,2,1,2,10/19/2024 2:35:06 PM
2105,5,1,5,11/8/2024 2:35:06 PM
2106,7,1,1,1/7/2025 2:35:06 PM
2107,6,1,4,8/14/2024 2:35:06 PM
2108,4,1,4,9/17/2024 2:35:06 PM
2109,7,1,2,10/26/2024 2:35:06 PM
2110,3,1,1,9/9/2024 2:35:06 PM
2111,4,1,3,3/25/2025 2:35:06 PM
2112,1,1,2,9/27/2024 2:35:06 PM
2113,5,1,2,2/7/2025 2:35:06 PM
2114,5,1,5,7/23/2024 2:35:06 PM
2115,3,1,5,9/17/2024 2:35:06 PM
2116,5,1,1,3/14/2025 2:35:06 PM
2117,7,1,1,9/10/2024 2:35:06 PM
2118,1,1,3,9/9/2024 2:35:06 PM
2119,2,1,1,11/24/2024 2:35:06 PM
2120,2,1,2,3/18/2025 2:35:06 PM
2121,7,1,1,9/11/2024 2:35:06 PM
2122,3,1,2,9/18/2024 2:35:06 PM
2123,7,1,2,4/23/2024 2:35:06 PM
2124,6,1,3,1/17/2025 2:35:06 PM
2125,7,1,1,4/7/2024 2:35:06 PM
2126,6,1,3,4/20/2024 2:35:06 PM
2127,3,1,3,4/25/2024 2:35:06 PM
2128,1,1,2,3/19/2025 2:35:06 PM
2129,6,1,2,12/13/2024 2:35:06 PM
2130,1,1,1,1/23/2025 2:35:06 PM
2131,5,1,4,10/17/2024 2:35:06 PM
2132,7,1,5,3/21/2025 2:35:06 PM
2133,7,1,5,12/8/2024 2:35:06 PM
2134,4,1,5,8/7/2024 2:35:06 PM
2135,2,1,2,4/8/2024 2:35:06 PM
2136,4,1,4,3/3/2025 2:35:06 PM
2137,7,1,3,2/27/2025 2:35:06 PM
2138,6,1,3,5/9/2024 2:35:06 PM
2139,3,1,3,11/1/2024 2:35:06 PM
2140,7,1,3,12/27/2024 2:35:06 PM
2141,5,1,5,3/18/2025 2:35:06 PM
2142,7,1,1,12/7/2024 2:35:06 PM
2143,3,1,2,3/26/2025 2:35:06 PM
2144,4,1,4,5/30/2024 2:35:06 PM
2145,6,1,2,1/2/2025 2:35:06 PM
2146,6,1,3,11/7/2024 2:35:06 PM
2147,2,1,3,2/3/2025 2:35:06 PM
2148,2,1,2,6/25/2024 2:35:06 PM
2149,4,1,1,5/26/2024 2:35:06 PM
2150,1,1,2,2/26/2025 2:35:06 PM
2151,3,1,5,7/21/2024 2:35:06 PM
2152,3,1,1,4/27/2024 2:35:06 PM
2153,2,1,4,9/3/2024 2:35:06 PM
2154,6,1,3,2/24/2025 2:35:06 PM
2155,2,1,1,12/2/2024 2:35:06 PM
2156,1,1,2,12/17/2024 2:35:06 PM
2157,7,1,5,4/17/2024 2:35:06 PM
2158,7,1,2,11/6/2024 2:35:06 PM
2159,7,1,5,10/25/2024 2:35:06 PM
2160,2,1,2,10/5/2024 2:35:06 PM
2161,5,1,1,3/4/2025 2:35:06 PM
2162,7,1,5,2/20/2025 2:35:06 PM
2163,7,1,2,9/22/2024 2:35:06 PM
2164,7,1,4,2/28/2025 2:35:06 PM
2165,7,1,5,8/3/2024 2:35:06 PM
2166,7,1,3,1/25/2025 2:35:06 PM
2167,4,1,3,12/18/2024 2:35:06 PM
2168,1,1,2,1/20/2025 2:35:06 PM
2169,1,1,2,6/3/2024 2:35:06 PM
2170,1,1,2,7/17/2024 2:35:06 PM
2171,1,1,1,4/1/2024 2:35:06 PM
2172,3,1,2,1/22/2025 2:35:06 PM
2173,7,1,4,1/16/2025 2:35:06 PM
2174,4,1,2,4/17/2024 2:35:06 PM
2175,1,1,3,2/26/2025 2:35:06 PM
2176,7,1,5,7/1/2024 2:35:06 PM
2177,5,1,1,1/18/2025 2:35:06 PM
2178,2,1,1,6/19/2024 2:35:06 PM
2179,3,1,5,11/12/2024 2:35:06 PM
2180,7,1,5,6/21/2024 2:35:06 PM
2181,5,1,2,10/28/2024 2:35:06 PM
2182,7,1,1,5/23/2024 2:35:06 PM
2183,3,1,5,11/15/2024 2:35:06 PM
2184,3,1,3,1/16/2025 2:35:06 PM
2185,7,1,4,4/10/2024 2:35:06 PM
2186,7,1,3,4/25/2024 2:35:06 PM
2187,3,1,2,7/23/2024 2:35:06 PM
2188,2,1,4,5/15/2024 2:35:06 PM
2189,6,1,1,4/9/2024 2:35:06 PM
2190,6,1,2,5/8/2024 2:35:06 PM
2191,7,1,5,10/9/2024 2:35:06 PM
2192,2,1,2,12/2/2024 2:35:06 PM
2193,1,1,1,8/5/2024 2:35:06 PM
2194,2,1,3,11/6/2024 2:35:06 PM
2195,1,1,5,5/23/2024 2:35:06 PM
2196,3,1,5,7/7/2024 2:35:06 PM
2197,4,1,2,6/10/2024 2:35:06 PM
2198,2,1,3,7/24/2024 2:35:06 PM
2199,4,1,4,7/8/2024 2:35:06 PM
2200,6,1,4,6/26/2024 2:35:06 PM
2201,3,1,3,9/16/2024 2:35:06 PM
2202,2,1,2,10/31/2024 2:35:06 PM
2203,3,1,2,1/10/2025 2:35:06 PM
2204,3,1,1,11/12/2024 2:35:06 PM
2205,3,1,4,1/19/2025 2:35:06 PM
2206,5,1,1,9/15/2024 2:35:06 PM
2207,3,1,5,2/5/2025 2:35:06 PM
2208,7,1,1,11/10/2024 2:35:06 PM
2209,2,1,5,7/30/2024 2:35:06 PM
2210,6,1,4,11/24/2024 2:35:06 PM
2211,1,1,2,6/23/2024 2:35:06 PM
2212,2,1,5,6/2/2024 2:35:06 PM
2213,4,1,5,7/26/2024 2:35:06 PM
2214,3,1,2,2/28/2025 2:35:06 PM
2215,3,1,4,12/14/2024 2:35:06 PM
2216,3,1,1,6/8/2024 2:35:06 PM
2217,7,1,2,4/22/2024 2:35:06 PM
2218,6,1,4,1/20/2025 2:35:06 PM
2219,1,1,1,1/10/2025 2:35:06 PM
2220,2,1,4,12/22/2024 2:35:06 PM
2221,2,1,1,7/21/2024 2:35:06 PM
2222,1,1,2,6/16/2024 2:35:06 PM
2223,5,1,2,6/14/2024 2:35:06 PM
2224,6,1,2,3/8/2025 2:35:06 PM
2225,5,1,4,11/3/2024 2:35:06 PM
2226,5,1,3,6/19/2024 2:35:06 PM
2227,6,1,3,8/7/2024 2:35:06 PM
2228,3,1,1,4/25/2024 2:35:06 PM
2229,4,1,2,6/19/2024 2:35:06 PM
2230,5,1,2,10/27/2024 2:35:06 PM
2231,4,1,4,11/10/2024 2:35:06 PM
2232,7,1,3,6/3/2024 2:35:06 PM
2233,1,1,3,8/25/2024 2:35:06 PM
2234,7,1,1,10/17/2024 2:35:06 PM
2235,4,1,5,2/25/2025 2:35:06 PM
2236,5,1,3,6/2/2024 2:35:06 PM
2237,6,1,3,3/29/2025 2:35:06 PM
2238,7,1,3,5/28/2024 2:35:06 PM
2239,3,1,5,7/30/2024 2:35:06 PM
2240,4,1,3,7/10/2024 2:35:06 PM
2241,5,1,3,8/17/2024 2:35:06 PM
2242,3,1,3,5/27/2024 2:35:06 PM
2243,4,1,4,6/8/2024 2:35:06 PM
2244,6,1,3,12/7/2024 2:35:06 PM
2245,2,1,4,2/23/2025 2:35:06 PM
2246,6,1,5,10/30/2024 2:35:06 PM
2247,7,1,4,4/22/2024 2:35:06 PM
2248,1,1,2,11/22/2024 2:35:06 PM
2249,7,1,5,1/29/2025 2:35:06 PM
2250,2,1,3,1/8/2025 2:35:06 PM
2251,5,1,2,4/25/2024 2:35:06 PM
2252,2,1,4,5/18/2024 2:35:06 PM
2253,5,1,2,2/27/2025 2:35:06 PM
2254,5,1,3,10/27/2024 2:35:06 PM
2255,3,1,3,9/4/2024 2:35:06 PM
2256,3,1,5,7/26/2024 2:35:06 PM
2257,5,1,2,3/12/2025 2:35:06 PM
2258,3,1,5,3/17/2025 2:35:06 PM
2259,7,1,1,12/24/2024 2:35:06 PM
2260,1,1,1,8/5/2024 2:35:06 PM
2261,4,1,5,4/10/2024 2:35:06 PM
2262,4,1,2,4/7/2024 2:35:06 PM
2263,7,1,1,4/3/2024 2:35:06 PM
2264,4,1,4,3/23/2025 2:35:06 PM
2265,3,1,1,5/21/2024 2:35:06 PM
2266,2,1,1,11/3/2024 2:35:06 PM
2267,2,1,3,8/10/2024 2:35:06 PM
2268,5,1,3,10/25/2024 2:35:06 PM
2269,3,1,3,11/12/2024 2:35:06 PM
2270,2,1,3,10/14/2024 2:35:06 PM
2271,4,1,2,1/3/2025 2:35:06 PM
2272,6,1,2,2/27/2025 2:35:06 PM
2273,5,1,1,7/6/2024 2:35:06 PM
2274,3,1,2,3/3/2025 2:35:06 PM
2275,2,1,5,8/23/2024 2:35:06 PM
2276,6,1,5,5/2/2024 2:35:06 PM
2277,4,1,3,3/28/2025 2:35:06 PM
2278,3,1,3,7/27/2024 2:35:06 PM
2279,4,1,4,1/24/2025 2:35:06 PM
2280,3,1,1,2/23/2025 2:35:06 PM
2281,1,1,4,2/22/2025 2:35:06 PM
2282,6,1,5,4/28/2024 2:35:06 PM
2283,7,1,1,1/5/2025 2:35:06 PM
2284,5,1,1,4/6/2024 2:35:06 PM
2285,1,1,3,7/1/2024 2:35:06 PM
2286,6,1,2,7/24/2024 2:35:06 PM
2287,4,1,1,10/23/2024 2:35:06 PM
2288,6,1,1,6/16/2024 2:35:06 PM
2289,1,1,4,2/25/2025 2:35:06 PM
2290,3,1,3,4/8/2024 2:35:06 PM
2291,3,1,3,5/12/2024 2:35:06 PM
2292,3,1,2,12/12/2024 2:35:06 PM
2293,4,1,5,10/7/2024 2:35:06 PM
2294,5,1,5,6/7/2024 2:35:06 PM
2295,4,1,3,6/3/2024 2:35:06 PM
2296,2,1,1,7/28/2024 2:35:06 PM
2297,2,1,3,4/23/2024 2:35:06 PM
2298,1,1,1,12/26/2024 2:35:06 PM
2299,5,1,4,9/1/2024 2:35:06 PM
2300,4,1,5,7/27/2024 2:35:06 PM
2301,2,1,4,3/24/2025 2:35:06 PM
2302,1,1,4,7/17/2024 2:35:06 PM
2303,5,1,2,5/9/2024 2:35:06 PM
2304,1,1,3,2/2/2025 2:35:06 PM
2305,5,1,4,3/30/2024 2:35:06 PM
2306,7,1,4,11/5/2024 2:35:06 PM
2307,4,1,1,10/19/2024 2:35:06 PM
2308,4,1,4,6/28/2024 2:35:06 PM
2309,2,1,1,11/16/2024 2:35:06 PM
2310,7,1,3,9/27/2024 2:35:06 PM
2311,5,1,1,12/26/2024 2:35:06 PM
2312,7,1,4,12/15/2024 2:35:06 PM
2313,6,1,5,1/8/2025 2:35:06 PM
2314,2,1,1,11/15/2024 2:35:06 PM
2315,5,1,1,7/26/2024 2:35:06 PM
2316,4,1,1,10/1/2024 2:35:06 PM
2317,4,1,4,12/9/2024 2:35:06 PM
2318,6,1,3,2/28/2025 2:35:06 PM
2319,3,1,1,4/26/2024 2:35:06 PM
2320,5,1,4,10/20/2024 2:35:06 PM
2321,6,1,5,3/16/2025 2:35:06 PM
2322,5,1,5,6/16/2024 2:35:06 PM
2323,5,1,2,10/18/2024 2:35:06 PM
2324,2,1,4,9/4/2024 2:35:06 PM
2325,3,1,1,7/28/2024 2:35:06 PM
2326,6,1,5,3/23/2025 2:35:06 PM
2327,7,1,5,12/8/2024 2:35:06 PM
2328,5,1,2,6/2/2024 2:35:06 PM
2329,6,1,3,5/14/2024 2:35:06 PM
2330,2,1,2,5/17/2024 2:35:06 PM
2331,4,1,3,5/19/2024 2:35:06 PM
2332,2,1,2,5/16/2024 2:35:06 PM
2333,1,1,2,9/28/2024 2:35:06 PM
2334,6,1,4,9/6/2024 2:35:06 PM
2335,3,1,4,10/1/2024 2:35:06 PM
2336,4,1,5,11/30/2024 2:35:06 PM
2337,7,1,4,9/1/2024 2:35:06 PM
2338,4,1,2,7/24/2024 2:35:06 PM
2339,3,1,5,7/3/2024 2:35:06 PM
2340,5,1,5,7/20/2024 2:35:06 PM
2341,3,1,5,12/9/2024 2:35:06 PM
2342,3,1,3,5/29/2024 2:35:06 PM
2343,6,1,4,9/24/2024 2:35:06 PM
2344,7,1,4,1/29/2025 2:35:06 PM
2345,7,1,1,3/21/2025 2:35:06 PM
2346,1,1,1,1/31/2025 2:35:06 PM
2347,6,1,2,10/12/2024 2:35:06 PM
2348,3,1,3,2/21/2025 2:35:06 PM
2349,6,1,4,10/27/2024 2:35:06 PM
2350,6,1,4,8/16/2024 2:35:06 PM
2351,2,1,2,4/9/2024 2:35:06 PM
2352,2,1,5,7/30/2024 2:35:06 PM
2353,7,1,5,5/27/2024 2:35:06 PM
2354,6,1,3,10/27/2024 2:35:06 PM
2355,3,1,1,8/27/2024 2:35:06 PM
2356,7,1,2,12/9/2024 2:35:06 PM
2357,3,1,3,8/26/2024 2:35:06 PM
2358,4,1,3,10/24/2024 2:35:06 PM
2359,5,1,5,5/23/2024 2:35:06 PM
2360,3,1,3,10/7/2024 2:35:06 PM
2361,7,1,2,9/21/2024 2:35:06 PM
2362,2,1,3,8/4/2024 2:35:06 PM
2363,2,1,5,8/6/2024 2:35:06 PM
2364,3,1,4,6/13/2024 2:35:06 PM
2365,5,1,3,8/20/2024 2:35:06 PM
2366,1,1,2,10/13/2024 2:35:06 PM
2367,1,1,2,1/2/2025 2:35:06 PM
2368,3,1,2,7/12/2024 2:35:06 PM
2369,1,1,3,1/13/2025 2:35:06 PM
2370,6,1,4,11/3/2024 2:35:06 PM
2371,5,1,2,6/7/2024 2:35:06 PM
2372,5,1,3,11/23/2024 2:35:06 PM
2373,5,1,2,8/27/2024 2:35:06 PM
2374,5,1,3,9/19/2024 2:35:06 PM
2375,2,1,3,10/21/2024 2:35:06 PM
2376,3,1,4,12/25/2024 2:35:06 PM
2377,5,1,2,4/7/2024 2:35:06 PM
2378,4,1,3,8/6/2024 2:35:06 PM
2379,5,1,2,11/8/2024 2:35:06 PM
2380,5,1,4,10/6/2024 2:35:06 PM
2381,5,1,4,6/24/2024 2:35:06 PM
2382,4,1,3,1/7/2025 2:35:06 PM
2383,4,1,1,6/17/2024 2:35:06 PM
2384,6,1,1,5/21/2024 2:35:06 PM
2385,4,1,4,5/16/2024 2:35:06 PM
2386,4,1,2,6/9/2024 2:35:06 PM
2387,4,1,5,8/2/2024 2:35:06 PM
2388,1,1,1,8/25/2024 2:35:06 PM
2389,3,1,2,11/28/2024 2:35:06 PM
2390,5,1,5,8/7/2024 2:35:06 PM
2391,5,1,5,7/27/2024 2:35:06 PM
2392,4,1,2,3/24/2025 2:35:06 PM
2393,3,1,1,12/23/2024 2:35:06 PM
2394,7,1,4,3/22/2025 2:35:06 PM
2395,2,1,2,12/2/2024 2:35:06 PM
2396,5,1,1,2/18/2025 2:35:06 PM
2397,2,1,2,2/26/2025 2:35:06 PM
2398,1,1,3,3/27/2025 2:35:06 PM
2399,4,1,5,10/8/2024 2:35:06 PM
2400,3,1,3,12/7/2024 2:35:06 PM
2401,2,1,1,8/9/2024 2:35:06 PM
2402,5,1,1,2/24/2025 2:35:06 PM
2403,7,1,5,3/24/2025 2:35:06 PM
2404,5,1,3,2/2/2025 2:35:06 PM
2405,4,1,1,10/31/2024 2:35:06 PM
2406,5,1,5,11/25/2024 2:35:06 PM
2407,7,1,3,10/15/2024 2:35:06 PM
2408,1,1,2,3/15/2025 2:35:06 PM
2409,4,1,2,2/17/2025 2:35:06 PM
2410,7,1,2,12/24/2024 2:35:06 PM
2411,4,1,1,11/22/2024 2:35:06 PM
2412,2,1,3,4/18/2024 2:35:06 PM
2413,4,1,1,4/15/2024 2:35:06 PM
2414,2,1,2,5/11/2024 2:35:06 PM
2415,1,1,2,6/14/2024 2:35:06 PM
2416,2,1,2,2/7/2025 2:35:06 PM
2417,2,1,5,5/14/2024 2:35:06 PM
2418,2,1,5,5/6/2024 2:35:06 PM
2419,2,1,4,12/23/2024 2:35:06 PM
2420,3,1,3,6/15/2024 2:35:06 PM
2421,7,1,5,5/4/2024 2:35:06 PM
2422,4,1,4,2/20/2025 2:35:06 PM
2423,2,1,2,6/7/2024 2:35:06 PM
2424,3,1,1,11/28/2024 2:35:06 PM
2425,7,1,1,1/6/2025 2:35:06 PM
2426,4,1,4,2/10/2025 2:35:06 PM
2427,2,1,3,11/9/2024 2:35:06 PM
2428,2,1,5,5/11/2024 2:35:06 PM
2429,6,1,4,4/15/2024 2:35:06 PM
2430,1,1,3,9/3/2024 2:35:06 PM
2431,2,1,1,4/14/2024 2:35:06 PM
2432,2,1,1,1/8/2025 2:35:06 PM
2433,6,1,3,11/28/2024 2:35:06 PM
2434,2,1,5,4/14/2024 2:35:06 PM
2435,3,1,4,9/20/2024 2:35:06 PM
2436,1,1,3,12/23/2024 2:35:06 PM
2437,6,1,3,12/22/2024 2:35:06 PM
2438,3,1,4,6/7/2024 2:35:06 PM
2439,2,1,5,4/9/2024 2:35:06 PM
2440,1,1,1,3/29/2025 2:35:06 PM
2441,1,1,2,9/28/2024 2:35:06 PM
2442,2,1,5,8/8/2024 2:35:06 PM
2443,4,1,1,5/17/2024 2:35:06 PM
2444,3,1,5,3/8/2025 2:35:06 PM
2445,5,1,1,9/22/2024 2:35:06 PM
2446,4,1,3,12/19/2024 2:35:06 PM
2447,6,1,2,1/1/2025 2:35:06 PM
2448,1,1,5,10/17/2024 2:35:06 PM
2449,5,1,5,6/26/2024 2:35:06 PM
2450,6,1,4,8/11/2024 2:35:06 PM
2451,4,1,3,1/20/2025 2:35:06 PM
2452,4,1,3,4/29/2024 2:35:06 PM
2453,5,1,5,6/27/2024 2:35:06 PM
2454,3,1,5,7/31/2024 2:35:06 PM
2455,3,1,4,11/8/2024 2:35:06 PM
2456,7,1,5,1/30/2025 2:35:06 PM
2457,7,1,4,2/6/2025 2:35:06 PM
2458,6,1,4,3/17/2025 2:35:06 PM
2459,5,1,4,11/21/2024 2:35:06 PM
2460,4,1,5,6/16/2024 2:35:06 PM
2461,3,1,4,5/6/2024 2:35:06 PM
2462,5,1,1,3/21/2025 2:35:06 PM
2463,5,1,3,1/17/2025 2:35:06 PM
2464,2,1,1,5/5/2024 2:35:06 PM
2465,5,1,2,3/26/2025 2:35:06 PM
2466,1,1,3,3/28/2025 2:35:06 PM
2467,7,1,5,2/13/2025 2:35:06 PM
2468,3,1,1,10/14/2024 2:35:06 PM
2469,7,1,3,7/11/2024 2:35:06 PM
2470,1,1,3,5/4/2024 2:35:06 PM
2471,4,1,5,3/14/2025 2:35:06 PM
2472,4,1,2,9/4/2024 2:35:06 PM
2473,4,1,3,8/5/2024 2:35:06 PM
2474,4,1,3,2/5/2025 2:35:06 PM
2475,4,1,1,11/2/2024 2:35:06 PM
2476,7,1,2,1/12/2025 2:35:06 PM
2477,6,1,4,3/18/2025 2:35:06 PM
2478,7,1,3,7/4/2024 2:35:06 PM
2479,2,1,2,9/7/2024 2:35:06 PM
2480,5,1,3,4/21/2024 2:35:06 PM
2481,5,1,3,12/4/2024 2:35:06 PM
2482,4,1,2,8/15/2024 2:35:06 PM
2483,4,1,4,11/5/2024 2:35:06 PM
2484,5,1,3,8/27/2024 2:35:06 PM
2485,5,1,5,10/8/2024 2:35:06 PM
2486,5,1,1,5/2/2024 2:35:06 PM
2487,4,1,2,10/5/2024 2:35:06 PM
2488,7,1,1,10/12/2024 2:35:06 PM
2489,5,1,2,8/30/2024 2:35:06 PM
2490,2,1,4,11/14/2024 2:35:06 PM
2491,5,1,4,9/27/2024 2:35:06 PM
2492,1,1,5,9/3/2024 2:35:06 PM
2493,1,1,5,10/19/2024 2:35:06 PM
2494,3,1,1,12/20/2024 2:35:06 PM
2495,4,1,3,4/9/2024 2:35:06 PM
2496,4,1,3,2/11/2025 2:35:06 PM
2497,6,1,5,9/30/2024 2:35:06 PM
2498,7,1,5,1/17/2025 2:35:06 PM
2499,1,1,1,10/11/2024 2:35:06 PM
2500,6,1,2,5/11/2024 2:35:06 PM
2501,3,1,4,4/11/2024 2:35:06 PM
2502,7,1,5,2/5/2025 2:35:06 PM
2503,2,1,4,12/16/2024 2:35:06 PM
2504,3,1,4,3/5/2025 2:35:06 PM
2505,1,1,4,3/13/2025 2:35:06 PM
2506,2,1,4,7/16/2024 2:35:06 PM
2507,5,1,1,11/11/2024 2:35:06 PM
2508,7,1,3,9/20/2024 2:35:06 PM
2509,5,1,4,9/30/2024 2:35:06 PM
2510,1,1,3,7/18/2024 2:35:06 PM
2511,1,1,4,2/6/2025 2:35:06 PM
2512,4,1,2,10/22/2024 2:35:06 PM
2513,5,1,1,1/24/2025 2:35:06 PM
2514,3,1,2,12/21/2024 2:35:06 PM
2515,4,1,2,11/3/2024 2:35:06 PM
2516,3,1,1,3/10/2025 2:35:06 PM
2517,3,1,3,12/4/2024 2:35:06 PM
2518,1,1,2,12/10/2024 2:35:06 PM
2519,5,1,3,2/23/2025 2:35:06 PM
2520,4,1,2,7/13/2024 2:35:06 PM
2521,3,1,5,7/3/2024 2:35:06 PM
2522,6,1,4,1/19/2025 2:35:06 PM
2523,4,1,2,12/21/2024 2:35:06 PM
2524,2,1,5,8/19/2024 2:35:06 PM
2525,3,1,1,4/25/2024 2:35:06 PM
2526,4,1,1,9/9/2024 2:35:06 PM
2527,7,1,1,10/19/2024 2:35:06 PM
2528,6,1,2,11/3/2024 2:35:06 PM
2529,6,1,4,4/5/2024 2:35:06 PM
2530,1,1,2,5/4/2024 2:35:06 PM
2531,3,1,2,7/20/2024 2:35:06 PM
2532,2,1,5,11/8/2024 2:35:06 PM
2533,1,1,4,10/12/2024 2:35:06 PM
2534,6,1,3,2/13/2025 2:35:06 PM
2535,4,1,2,8/31/2024 2:35:06 PM
2536,4,1,1,9/2/2024 2:35:06 PM
2537,3,1,2,12/7/2024 2:35:06 PM
2538,5,1,3,6/11/2024 2:35:06 PM
2539,7,1,1,5/6/2024 2:35:06 PM
2540,1,1,3,10/24/2024 2:35:06 PM
2541,7,1,2,7/8/2024 2:35:06 PM
2542,6,1,2,8/8/2024 2:35:06 PM
2543,6,1,3,1/3/2025 2:35:06 PM
2544,2,1,1,9/5/2024 2:35:06 PM
2545,5,1,1,9/10/2024 2:35:06 PM
2546,5,1,3,4/9/2024 2:35:06 PM
2547,1,1,4,7/5/2024 2:35:06 PM
2548,2,1,1,11/26/2024 2:35:06 PM
2549,2,1,2,4/28/2024 2:35:06 PM
2550,2,1,2,2/14/2025 2:35:06 PM
2551,4,1,2,8/17/2024 2:35:06 PM
2552,6,1,3,11/24/2024 2:35:06 PM
2553,4,1,4,8/18/2024 2:35:06 PM
2554,2,1,2,3/9/2025 2:35:06 PM
2555,4,1,1,9/9/2024 2:35:06 PM
2556,3,1,4,5/31/2024 2:35:06 PM
2557,4,1,3,3/13/2025 2:35:06 PM
2558,2,1,1,8/13/2024 2:35:06 PM
2559,7,1,5,12/1/2024 2:35:06 PM
2560,4,1,3,4/17/2024 2:35:06 PM
2561,6,1,3,5/4/2024 2:35:06 PM
2562,6,1,5,3/6/2025 2:35:06 PM
2563,4,1,3,7/30/2024 2:35:06 PM
2564,3,1,3,5/12/2024 2:35:06 PM
2565,2,1,5,10/24/2024 2:35:06 PM
2566,2,1,3,4/13/2024 2:35:06 PM
2567,6,1,5,12/17/2024 2:35:06 PM
2568,4,1,3,7/9/2024 2:35:06 PM
2569,3,1,4,12/15/2024 2:35:06 PM
2570,3,1,5,4/15/2024 2:35:06 PM
2571,4,1,2,11/1/2024 2:35:06 PM
2572,4,1,3,12/27/2024 2:35:06 PM
2573,5,1,4,1/17/2025 2:35:06 PM
2574,3,1,5,7/4/2024 2:35:06 PM
2575,3,1,3,12/25/2024 2:35:06 PM
2576,5,1,5,7/27/2024 2:35:06 PM
2577,1,1,3,9/19/2024 2:35:06 PM
2578,2,1,5,9/17/2024 2:35:06 PM
2579,3,1,4,1/11/2025 2:35:06 PM
2580,6,1,1,3/12/2025 2:35:06 PM
2581,6,1,2,7/22/2024 2:35:06 PM
2582,1,1,2,8/16/2024 2:35:06 PM
2583,4,1,4,10/27/2024 2:35:06 PM
2584,4,1,1,5/25/2024 2:35:06 PM
2585,6,1,4,3/13/2025 2:35:06 PM
2586,4,1,5,6/25/2024 2:35:06 PM
2587,2,1,5,12/3/2024 2:35:06 PM
2588,1,1,2,8/16/2024 2:35:06 PM
2589,1,1,1,6/7/2024 2:35:06 PM
2590,6,1,3,4/28/2024 2:35:06 PM
2591,1,1,1,12/17/2024 2:35:06 PM
2592,3,1,4,10/21/2024 2:35:06 PM
2593,3,1,5,10/11/2024 2:35:06 PM
2594,6,1,2,10/7/2024 2:35:06 PM
2595,2,1,4,6/8/2024 2:35:06 PM
2596,3,1,3,11/26/2024 2:35:06 PM
2597,5,1,5,2/24/2025 2:35:06 PM
2598,7,1,3,2/11/2025 2:35:06 PM
2599,3,1,3,10/2/2024 2:35:06 PM
2600,5,1,2,5/25/2024 2:35:06 PM
2601,5,1,2,2/24/2025 2:35:06 PM
2602,4,1,1,2/4/2025 2:35:06 PM
2603,7,1,3,11/6/2024 2:35:06 PM
2604,5,1,2,10/28/2024 2:35:06 PM
2605,5,1,5,7/29/2024 2:35:06 PM
2606,7,1,2,7/28/2024 2:35:06 PM
2607,3,1,5,2/19/2025 2:35:06 PM
2608,6,1,2,9/11/2024 2:35:06 PM
2609,7,1,5,10/7/2024 2:35:06 PM
2610,7,1,2,5/17/2024 2:35:06 PM
2611,6,1,2,7/6/2024 2:35:06 PM
2612,6,1,4,11/11/2024 2:35:06 PM
2613,7,1,1,2/26/2025 2:35:06 PM
2614,3,1,2,8/13/2024 2:35:06 PM
2615,2,1,2,4/23/2024 2:35:06 PM
2616,2,1,4,4/27/2024 2:35:06 PM
2617,1,1,5,4/10/2024 2:35:06 PM
2618,3,1,1,2/23/2025 2:35:06 PM
2619,7,1,1,12/9/2024 2:35:06 PM
2620,7,1,4,10/6/2024 2:35:06 PM
2621,4,1,3,3/13/2025 2:35:06 PM
2622,5,1,5,4/21/2024 2:35:06 PM
2623,7,1,1,7/27/2024 2:35:06 PM
2624,5,1,4,12/25/2024 2:35:06 PM
2625,5,1,5,3/2/2025 2:35:06 PM
2626,5,1,2,10/20/2024 2:35:06 PM
2627,1,1,4,2/23/2025 2:35:06 PM
2628,1,1,3,1/2/2025 2:35:06 PM
2629,3,1,5,12/6/2024 2:35:06 PM
2630,6,1,4,2/25/2025 2:35:06 PM
2631,4,1,2,8/12/2024 2:35:06 PM
2632,6,1,2,2/22/2025 2:35:06 PM
2633,2,1,5,10/29/2024 2:35:06 PM
2634,4,1,5,1/24/2025 2:35:06 PM
2635,6,1,5,11/20/2024 2:35:06 PM
2636,3,1,4,10/2/2024 2:35:06 PM
2637,2,1,1,4/30/2024 2:35:06 PM
2638,5,1,4,4/28/2024 2:35:06 PM
2639,1,1,5,6/28/2024 2:35:06 PM
2640,7,1,5,10/30/2024 2:35:06 PM
2641,3,1,2,9/15/2024 2:35:06 PM
2642,5,1,4,11/20/2024 2:35:06 PM
2643,2,1,4,8/13/2024 2:35:06 PM
2644,2,1,1,8/30/2024 2:35:06 PM
2645,4,1,5,10/30/2024 2:35:06 PM
2646,1,1,5,12/13/2024 2:35:06 PM
2647,7,1,3,1/4/2025 2:35:06 PM
2648,6,1,3,9/16/2024 2:35:06 PM
2649,4,1,1,2/25/2025 2:35:06 PM
2650,2,1,2,8/22/2024 2:35:06 PM
2651,4,1,3,5/27/2024 2:35:06 PM
2652,6,1,5,9/5/2024 2:35:06 PM
2653,6,1,4,2/3/2025 2:35:06 PM
2654,4,1,4,11/5/2024 2:35:06 PM
2655,4,1,5,7/24/2024 2:35:06 PM
2656,1,1,2,1/27/2025 2:35:06 PM
2657,5,1,1,4/8/2024 2:35:06 PM
2658,7,1,1,3/9/2025 2:35:06 PM
2659,5,1,2,12/10/2024 2:35:06 PM
2660,1,1,4,12/6/2024 2:35:06 PM
2661,4,1,1,4/2/2024 2:35:06 PM
2662,7,1,5,5/11/2024 2:35:06 PM
2663,5,1,1,5/28/2024 2:35:06 PM
2664,5,1,1,10/9/2024 2:35:06 PM
2665,7,1,2,1/13/2025 2:35:06 PM
2666,6,1,5,9/25/2024 2:35:06 PM
2667,6,1,5,11/17/2024 2:35:06 PM
2668,1,1,1,4/30/2024 2:35:06 PM
2669,7,1,2,8/23/2024 2:35:06 PM
2670,2,1,2,9/19/2024 2:35:06 PM
2671,6,1,4,6/4/2024 2:35:06 PM
2672,1,1,4,7/10/2024 2:35:06 PM
2673,4,1,3,8/17/2024 2:35:06 PM
2674,7,1,3,12/31/2024 2:35:06 PM
2675,5,1,2,8/20/2024 2:35:06 PM
2676,7,1,2,10/15/2024 2:35:06 PM
2677,3,1,5,5/27/2024 2:35:06 PM
2678,2,1,3,3/20/2025 2:35:06 PM
2679,6,1,1,6/11/2024 2:35:06 PM
2680,4,1,3,12/23/2024 2:35:06 PM
2681,4,1,3,1/6/2025 2:35:06 PM
2682,1,1,3,11/2/2024 2:35:06 PM
2683,3,1,2,8/1/2024 2:35:06 PM
2684,6,1,1,8/19/2024 2:35:06 PM
2685,7,1,3,11/22/2024 2:35:06 PM
2686,1,1,2,12/21/2024 2:35:06 PM
2687,5,1,3,4/3/2024 2:35:06 PM
2688,4,1,1,11/15/2024 2:35:06 PM
2689,6,1,3,11/4/2024 2:35:06 PM
2690,5,1,2,5/5/2024 2:35:06 PM
2691,6,1,2,10/13/2024 2:35:06 PM
2692,1,1,5,6/25/2024 2:35:06 PM
2693,3,1,3,10/24/2024 2:35:06 PM
2694,2,1,4,4/7/2024 2:35:06 PM
2695,1,1,2,4/10/2024 2:35:06 PM
2696,4,1,4,2/8/2025 2:35:06 PM
2697,1,1,3,4/3/2024 2:35:06 PM
2698,6,1,1,5/19/2024 2:35:06 PM
2699,1,1,2,5/17/2024 2:35:06 PM
2700,6,1,1,7/20/2024 2:35:06 PM
2701,2,1,2,5/1/2024 2:35:06 PM
2702,4,1,1,11/24/2024 2:35:06 PM
2703,3,1,4,12/21/2024 2:35:06 PM
2704,2,1,1,12/27/2024 2:35:06 PM
2705,2,1,5,3/23/2025 2:35:06 PM
2706,7,1,2,11/16/2024 2:35:06 PM
2707,1,1,1,12/30/2024 2:35:06 PM
2708,5,1,2,10/29/2024 2:35:06 PM
2709,4,1,4,7/17/2024 2:35:06 PM
2710,7,1,4,7/15/2024 2:35:06 PM
2711,2,1,2,5/16/2024 2:35:06 PM
2712,2,1,2,3/28/2025 2:35:06 PM
2713,1,1,3,12/31/2024 2:35:06 PM
2714,4,1,5,5/26/2024 2:35:06 PM
2715,1,1,4,5/29/2024 2:35:06 PM
2716,6,1,5,6/10/2024 2:35:06 PM
2717,6,1,2,12/15/2024 2:35:06 PM
2718,2,1,1,5/12/2024 2:35:06 PM
2719,1,1,2,1/1/2025 2:35:06 PM
2720,3,1,5,10/30/2024 2:35:06 PM
2721,7,1,2,3/19/2025 2:35:06 PM
2722,5,1,1,7/11/2024 2:35:06 PM
2723,2,1,4,1/5/2025 2:35:06 PM
2724,7,1,4,4/30/2024 2:35:06 PM
2725,5,1,5,2/17/2025 2:35:06 PM
2726,1,1,1,10/21/2024 2:35:06 PM
2727,5,1,3,12/26/2024 2:35:06 PM
2728,1,1,3,6/27/2024 2:35:06 PM
2729,7,1,4,2/14/2025 2:35:06 PM
2730,7,1,3,1/11/2025 2:35:06 PM
2731,1,1,3,8/15/2024 2:35:06 PM
2732,6,1,5,4/6/2024 2:35:06 PM
2733,1,1,5,9/9/2024 2:35:06 PM
2734,4,1,3,9/8/2024 2:35:06 PM
2735,4,1,5,10/31/2024 2:35:06 PM
2736,3,1,5,11/1/2024 2:35:06 PM
2737,7,1,1,10/5/2024 2:35:06 PM
2738,3,1,3,3/17/2025 2:35:06 PM
2739,3,1,1,11/10/2024 2:35:06 PM
2740,1,1,5,5/7/2024 2:35:06 PM
2741,1,1,4,5/29/2024 2:35:06 PM
2742,3,1,4,4/12/2024 2:35:06 PM
2743,2,1,1,6/24/2024 2:35:06 PM
2744,6,1,5,10/18/2024 2:35:06 PM
2745,5,1,5,8/17/2024 2:35:06 PM
2746,2,1,2,3/26/2025 2:35:06 PM
2747,6,1,5,6/18/2024 2:35:06 PM
2748,7,1,3,6/18/2024 2:35:06 PM
2749,5,1,4,8/16/2024 2:35:06 PM
2750,3,1,4,2/20/2025 2:35:06 PM
2751,7,1,1,9/30/2024 2:35:06 PM
2752,3,1,2,4/2/2024 2:35:06 PM
2753,4,1,2,10/9/2024 2:35:06 PM
2754,6,1,3,10/4/2024 2:35:06 PM
2755,3,1,5,4/3/2024 2:35:06 PM
2756,6,1,4,6/25/2024 2:35:06 PM
2757,1,1,1,3/17/2025 2:35:06 PM
2758,5,1,4,2/8/2025 2:35:06 PM
2759,3,1,1,2/8/2025 2:35:06 PM
2760,2,1,3,10/21/2024 2:35:06 PM
2761,4,1,1,10/4/2024 2:35:06 PM
2762,6,1,3,3/25/2025 2:35:06 PM
2763,2,1,5,9/15/2024 2:35:06 PM
2764,1,1,5,10/29/2024 2:35:06 PM
2765,3,1,5,9/28/2024 2:35:06 PM
2766,4,1,1,2/25/2025 2:35:06 PM
2767,5,1,2,10/29/2024 2:35:06 PM
2768,4,1,5,8/9/2024 2:35:06 PM
2769,2,1,4,11/7/2024 2:35:06 PM
2770,7,1,2,8/23/2024 2:35:06 PM
2771,2,1,1,6/20/2024 2:35:06 PM
2772,7,1,4,7/12/2024 2:35:06 PM
2773,6,1,4,5/28/2024 2:35:06 PM
2774,2,1,2,12/3/2024 2:35:06 PM
2775,7,1,1,12/5/2024 2:35:06 PM
2776,6,1,1,7/14/2024 2:35:06 PM
2777,3,1,3,11/5/2024 2:35:06 PM
2778,2,1,4,4/19/2024 2:35:06 PM
2779,4,1,4,10/18/2024 2:35:06 PM
2780,7,1,1,1/17/2025 2:35:06 PM
2781,1,1,1,12/20/2024 2:35:06 PM
2782,1,1,3,12/13/2024 2:35:06 PM
2783,1,1,4,10/3/2024 2:35:06 PM
2784,6,1,2,6/13/2024 2:35:06 PM
2785,3,1,1,5/23/2024 2:35:06 PM
2786,3,1,1,3/12/2025 2:35:06 PM
2787,3,1,2,7/18/2024 2:35:06 PM
2788,2,1,5,8/9/2024 2:35:06 PM
2789,5,1,3,12/20/2024 2:35:06 PM
2790,2,1,5,7/4/2024 2:35:06 PM
2791,4,1,5,10/2/2024 2:35:06 PM
2792,2,1,1,12/25/2024 2:35:06 PM
2793,2,1,4,7/9/2024 2:35:06 PM
2794,2,1,1,7/28/2024 2:35:06 PM
2795,7,1,4,2/28/2025 2:35:06 PM
2796,5,1,5,7/9/2024 2:35:06 PM
2797,1,1,2,7/1/2024 2:35:06 PM
2798,6,1,2,1/9/2025 2:35:06 PM
2799,3,1,1,12/25/2024 2:35:06 PM
2800,4,1,4,3/12/2025 2:35:06 PM
2801,3,1,3,6/3/2024 2:35:06 PM
2802,6,1,2,11/19/2024 2:35:06 PM
2803,3,1,3,8/13/2024 2:35:06 PM
2804,2,1,2,4/15/2024 2:35:06 PM
2805,3,1,5,2/27/2025 2:35:06 PM
2806,4,1,5,3/9/2025 2:35:06 PM
2807,6,1,2,12/29/2024 2:35:06 PM
2808,1,1,5,6/29/2024 2:35:06 PM
2809,5,1,1,11/11/2024 2:35:06 PM
2810,7,1,4,1/18/2025 2:35:06 PM
2811,1,1,5,8/1/2024 2:35:06 PM
2812,3,1,3,6/26/2024 2:35:06 PM
2813,5,1,5,10/23/2024 2:35:06 PM
2814,1,1,1,5/28/2024 2:35:06 PM
2815,4,1,3,4/10/2024 2:35:06 PM
2816,2,1,1,7/21/2024 2:35:06 PM
2817,7,1,4,10/2/2024 2:35:06 PM
2818,2,1,5,11/19/2024 2:35:06 PM
2819,7,1,4,9/25/2024 2:35:06 PM
2820,3,1,2,5/27/2024 2:35:06 PM
2821,6,1,5,11/12/2024 2:35:06 PM
2822,6,1,1,10/22/2024 2:35:06 PM
2823,3,1,3,6/15/2024 2:35:06 PM
2824,5,1,3,12/17/2024 2:35:06 PM
2825,5,1,2,7/10/2024 2:35:06 PM
2826,6,1,3,8/25/2024 2:35:06 PM
2827,2,1,5,2/12/2025 2:35:06 PM
2828,1,1,1,2/18/2025 2:35:06 PM
2829,4,1,1,12/11/2024 2:35:06 PM
2830,7,1,2,4/1/2024 2:35:06 PM
2831,6,1,3,5/23/2024 2:35:06 PM
2832,3,1,4,12/22/2024 2:35:06 PM
2833,6,1,5,6/10/2024 2:35:06 PM
2834,6,1,4,11/16/2024 2:35:06 PM
2835,2,1,3,2/12/2025 2:35:06 PM
2836,5,1,1,8/30/2024 2:35:06 PM
2837,6,1,2,3/18/2025 2:35:06 PM
2838,6,1,3,8/31/2024 2:35:06 PM
2839,4,1,5,5/20/2024 2:35:06 PM
2840,2,1,3,10/31/2024 2:35:06 PM
2841,6,1,2,11/13/2024 2:35:06 PM
2842,3,1,5,5/1/2024 2:35:06 PM
2843,1,1,1,11/15/2024 2:35:06 PM
2844,5,1,4,10/19/2024 2:35:06 PM
2845,1,1,1,9/14/2024 2:35:06 PM
2846,2,1,2,5/30/2024 2:35:06 PM
2847,6,1,5,6/29/2024 2:35:06 PM
2848,7,1,5,5/2/2024 2:35:06 PM
2849,6,1,4,6/7/2024 2:35:06 PM
2850,7,1,5,3/23/2025 2:35:06 PM
2851,7,1,3,2/8/2025 2:35:06 PM
2852,7,1,4,1/14/2025 2:35:06 PM
2853,7,1,1,11/11/2024 2:35:06 PM
2854,5,1,5,8/15/2024 2:35:06 PM
2855,7,1,4,11/16/2024 2:35:06 PM
2856,7,1,1,10/23/2024 2:35:06 PM
2857,4,1,3,12/20/2024 2:35:06 PM
2858,4,1,5,7/19/2024 2:35:06 PM
2859,3,1,3,3/30/2024 2:35:06 PM
2860,1,1,3,8/17/2024 2:35:06 PM
2861,1,1,4,3/30/2024 2:35:06 PM
2862,6,1,2,9/20/2024 2:35:06 PM
2863,7,1,5,3/17/2025 2:35:06 PM
2864,3,1,1,5/5/2024 2:35:06 PM
2865,7,1,3,3/21/2025 2:35:06 PM
2866,4,1,3,11/19/2024 2:35:06 PM
2867,3,1,2,10/9/2024 2:35:06 PM
2868,7,1,4,9/20/2024 2:35:06 PM
2869,7,1,1,2/6/2025 2:35:06 PM
2870,1,1,4,3/20/2025 2:35:06 PM
2871,1,1,2,7/2/2024 2:35:06 PM
2872,4,1,3,4/27/2024 2:35:06 PM
2873,7,1,1,11/4/2024 2:35:06 PM
2874,5,1,2,6/23/2024 2:35:06 PM
2875,3,1,4,12/30/2024 2:35:06 PM
2876,3,1,2,7/6/2024 2:35:06 PM
2877,7,1,2,10/7/2024 2:35:06 PM
2878,5,1,5,1/5/2025 2:35:06 PM
2879,3,1,5,9/17/2024 2:35:06 PM
2880,3,1,4,4/14/2024 2:35:06 PM
2881,6,1,5,6/14/2024 2:35:06 PM
2882,5,1,4,8/21/2024 2:35:06 PM
2883,6,1,1,8/24/2024 2:35:06 PM
2884,1,1,2,8/5/2024 2:35:06 PM
2885,7,1,1,7/9/2024 2:35:06 PM
2886,7,1,5,7/29/2024 2:35:06 PM
2887,6,1,2,6/5/2024 2:35:06 PM
2888,3,1,3,10/2/2024 2:35:06 PM
2889,4,1,4,11/9/2024 2:35:06 PM
2890,5,1,4,1/17/2025 2:35:06 PM
2891,5,1,3,8/20/2024 2:35:06 PM
2892,7,1,5,9/11/2024 2:35:06 PM
2893,5,1,3,4/9/2024 2:35:06 PM
2894,7,1,3,10/5/2024 2:35:06 PM
2895,3,1,1,11/19/2024 2:35:06 PM
2896,6,1,4,2/12/2025 2:35:06 PM
2897,5,1,2,10/14/2024 2:35:06 PM
2898,2,1,3,5/13/2024 2:35:06 PM
2899,5,1,2,6/19/2024 2:35:06 PM
2900,7,1,3,1/31/2025 2:35:06 PM
2901,5,1,3,8/15/2024 2:35:06 PM
2902,3,1,2,3/3/2025 2:35:06 PM
2903,2,1,5,5/15/2024 2:35:06 PM
2904,1,1,4,9/26/2024 2:35:06 PM
2905,4,1,5,5/29/2024 2:35:06 PM
2906,7,1,5,7/3/2024 2:35:06 PM
2907,1,1,4,8/2/2024 2:35:06 PM
2908,6,1,1,10/6/2024 2:35:06 PM
2909,6,1,4,4/7/2024 2:35:06 PM
2910,6,1,1,8/22/2024 2:35:06 PM
2911,4,1,4,11/27/2024 2:35:06 PM
2912,4,1,3,9/7/2024 2:35:06 PM
2913,4,1,4,10/14/2024 2:35:06 PM
2914,4,1,5,12/24/2024 2:35:06 PM
2915,7,1,3,8/17/2024 2:35:06 PM
2916,5,1,1,1/29/2025 2:35:06 PM
2917,2,1,4,7/24/2024 2:35:06 PM
2918,7,1,1,12/25/2024 2:35:06 PM
2919,6,1,1,3/28/2025 2:35:06 PM
2920,2,1,4,2/27/2025 2:35:06 PM
2921,6,1,3,3/24/2025 2:35:06 PM
2922,1,1,3,2/15/2025 2:35:06 PM
2923,5,1,2,4/14/2024 2:35:06 PM
2924,1,1,5,10/16/2024 2:35:06 PM
2925,5,1,4,3/1/2025 2:35:06 PM
2926,3,1,3,1/7/2025 2:35:06 PM
2927,1,1,1,11/26/2024 2:35:06 PM
2928,5,1,3,6/2/2024 2:35:06 PM
2929,3,1,2,2/14/2025 2:35:06 PM
2930,6,1,2,9/9/2024 2:35:06 PM
2931,1,1,4,9/4/2024 2:35:06 PM
2932,3,1,5,7/29/2024 2:35:06 PM
2933,1,1,3,1/3/2025 2:35:06 PM
2934,5,1,4,11/3/2024 2:35:06 PM
2935,5,1,4,2/5/2025 2:35:06 PM
2936,4,1,1,1/25/2025 2:35:06 PM
2937,4,1,4,3/2/2025 2:35:06 PM
2938,5,1,2,11/25/2024 2:35:06 PM
2939,6,1,2,6/8/2024 2:35:06 PM
2940,4,1,3,5/12/2024 2:35:06 PM
2941,1,1,5,3/14/2025 2:35:06 PM
2942,6,1,3,9/8/2024 2:35:06 PM
2943,5,1,4,6/3/2024 2:35:06 PM
2944,7,1,1,8/22/2024 2:35:06 PM
2945,7,1,1,4/8/2024 2:35:06 PM
2946,4,1,1,4/22/2024 2:35:06 PM
2947,4,1,3,6/27/2024 2:35:06 PM
2948,1,1,3,1/4/2025 2:35:06 PM
2949,4,1,4,4/16/2024 2:35:06 PM
2950,3,1,5,7/9/2024 2:35:06 PM
2951,2,1,5,1/8/2025 2:35:06 PM
2952,1,1,4,11/12/2024 2:35:06 PM
2953,3,1,4,4/25/2024 2:35:06 PM
2954,6,1,4,11/2/2024 2:35:06 PM
2955,2,1,5,3/21/2025 2:35:06 PM
2956,6,1,5,9/3/2024 2:35:06 PM
2957,2,1,2,3/24/2025 2:35:06 PM
2958,2,1,5,6/12/2024 2:35:06 PM
2959,7,1,5,6/6/2024 2:35:06 PM
2960,1,1,5,4/6/2024 2:35:06 PM
2961,3,1,2,11/7/2024 2:35:06 PM
2962,4,1,5,9/23/2024 2:35:06 PM
2963,5,1,3,5/8/2024 2:35:06 PM
2964,3,1,2,6/1/2024 2:35:06 PM
2965,2,1,2,3/6/2025 2:35:06 PM
2966,3,1,1,5/4/2024 2:35:06 PM
2967,1,1,4,7/16/2024 2:35:06 PM
2968,4,1,5,8/6/2024 2:35:06 PM
2969,1,1,2,2/21/2025 2:35:06 PM
2970,4,1,3,6/13/2024 2:35:06 PM
2971,7,1,3,7/28/2024 2:35:06 PM
2972,6,1,5,3/28/2025 2:35:06 PM
2973,5,1,2,1/23/2025 2:35:06 PM
2974,5,1,4,7/2/2024 2:35:06 PM
2975,2,1,1,5/12/2024 2:35:06 PM
2976,4,1,1,2/22/2025 2:35:06 PM
2977,6,1,3,5/26/2024 2:35:06 PM
2978,3,1,5,3/30/2024 2:35:06 PM
2979,1,1,5,2/20/2025 2:35:06 PM
2980,7,1,5,12/29/2024 2:35:06 PM
2981,4,1,3,5/17/2024 2:35:06 PM
2982,3,1,5,7/10/2024 2:35:06 PM
2983,1,1,4,5/29/2024 2:35:06 PM
2984,5,1,1,1/1/2025 2:35:06 PM
2985,2,1,3,7/19/2024 2:35:06 PM
2986,4,1,1,11/2/2024 2:35:06 PM
2987,5,1,3,9/4/2024 2:35:06 PM
2988,5,1,2,10/16/2024 2:35:06 PM
2989,4,1,2,2/18/2025 2:35:06 PM
2990,4,1,2,3/25/2025 2:35:06 PM
2991,2,1,4,1/31/2025 2:35:06 PM
2992,2,1,2,3/10/2025 2:35:06 PM
2993,2,1,2,1/16/2025 2:35:06 PM
2994,6,1,5,5/17/2024 2:35:06 PM
2995,1,1,1,8/15/2024 2:35:06 PM
2996,1,1,1,1/24/2025 2:35:06 PM
2997,6,1,1,4/2/2024 2:35:06 PM
2998,1,1,4,7/7/2024 2:35:06 PM
2999,3,1,2,6/12/2024 2:35:06 PM
3000,4,1,4,1/20/2025 2:35:06 PM
3001,3,1,5,1/25/2025 2:35:06 PM
3002,3,1,4,2/22/2025 2:35:06 PM
3003,4,1,1,6/20/2024 2:35:06 PM
3004,2,1,3,1/22/2025 2:35:06 PM
3005,3,1,5,10/26/2024 2:35:06 PM
3006,6,1,1,5/21/2024 2:35:06 PM
3007,1,1,3,4/7/2024 2:35:06 PM
3008,3,1,3,11/24/2024 2:35:06 PM
3009,3,1,2,11/21/2024 2:35:06 PM
3010,1,1,2,3/7/2025 2:35:06 PM
3011,7,1,5,6/15/2024 2:35:06 PM
3012,6,1,4,5/30/2024 2:35:06 PM
3013,2,1,4,7/16/2024 2:35:06 PM
3014,5,1,3,6/4/2024 2:35:06 PM
3015,3,1,2,3/15/2025 2:35:06 PM
3016,7,1,1,1/12/2025 2:35:06 PM
3017,5,1,3,9/17/2024 2:35:06 PM
3018,1,1,4,4/5/2024 2:35:06 PM
3019,6,1,2,3/27/2025 2:35:06 PM
3020,1,1,1,10/28/2024 2:35:06 PM
3021,4,1,2,4/26/2024 2:35:06 PM
3022,2,1,1,5/20/2024 2:35:06 PM
3023,1,1,5,7/23/2024 2:35:06 PM
3024,5,1,3,9/10/2024 2:35:06 PM
3025,5,1,3,2/15/2025 2:35:06 PM
3026,4,1,1,5/17/2024 2:35:06 PM
3027,1,1,2,4/7/2024 2:35:06 PM
3028,3,1,5,6/23/2024 2:35:06 PM
3029,6,1,5,6/28/2024 2:35:06 PM
3030,2,1,4,2/26/2025 2:35:06 PM
3031,6,1,3,9/18/2024 2:35:06 PM
3032,6,1,3,10/18/2024 2:35:06 PM
3033,3,1,2,2/18/2025 2:35:06 PM
3034,5,1,5,9/23/2024 2:35:06 PM
3035,7,1,2,3/19/2025 2:35:06 PM
3036,1,1,1,11/5/2024 2:35:06 PM
3037,2,1,4,9/21/2024 2:35:06 PM
3038,3,1,1,8/13/2024 2:35:06 PM
3039,1,1,5,3/28/2025 2:35:06 PM
3040,4,1,2,4/21/2024 2:35:06 PM
3041,6,1,3,6/30/2024 2:35:06 PM
3042,6,1,3,4/9/2024 2:35:06 PM
3043,2,1,2,6/6/2024 2:35:06 PM
3044,4,1,4,9/30/2024 2:35:06 PM
3045,5,1,4,9/28/2024 2:35:06 PM
3046,2,1,3,7/30/2024 2:35:06 PM
3047,3,1,1,2/24/2025 2:35:06 PM
3048,4,1,4,5/14/2024 2:35:06 PM
3049,6,1,4,4/27/2024 2:35:06 PM
3050,4,1,1,6/28/2024 2:35:06 PM
3051,5,1,1,10/25/2024 2:35:06 PM
3052,1,1,3,1/1/2025 2:35:06 PM
3053,2,1,5,5/17/2024 2:35:06 PM
3054,4,1,5,9/25/2024 2:35:06 PM
3055,5,1,3,11/1/2024 2:35:06 PM
3056,2,1,3,6/14/2024 2:35:06 PM
3057,2,1,4,2/25/2025 2:35:06 PM
3058,3,1,1,9/16/2024 2:35:06 PM
3059,2,1,2,7/14/2024 2:35:06 PM
3060,3,1,2,9/18/2024 2:35:06 PM
3061,2,1,4,4/15/2024 2:35:06 PM
3062,2,1,1,10/17/2024 2:35:06 PM
3063,3,1,2,5/2/2024 2:35:06 PM
3064,1,1,3,6/23/2024 2:35:06 PM
3065,2,1,3,12/22/2024 2:35:06 PM
3066,3,1,3,10/17/2024 2:35:06 PM
3067,6,1,2,1/30/2025 2:35:06 PM
3068,7,1,5,4/13/2024 2:35:06 PM
3069,2,1,3,9/14/2024 2:35:06 PM
3070,2,1,1,8/14/2024 2:35:06 PM
3071,6,1,5,9/19/2024 2:35:06 PM
3072,6,1,3,9/29/2024 2:35:06 PM
3073,2,1,2,4/3/2024 2:35:06 PM
3074,7,1,5,9/21/2024 2:35:06 PM
3075,4,1,5,8/9/2024 2:35:06 PM
3076,7,1,3,2/16/2025 2:35:06 PM
3077,4,1,4,10/16/2024 2:35:06 PM
3078,7,1,2,8/4/2024 2:35:06 PM
3079,6,1,4,3/23/2025 2:35:06 PM
3080,4,1,5,3/9/2025 2:35:06 PM
3081,3,1,4,10/23/2024 2:35:06 PM
3082,7,1,3,11/27/2024 2:35:06 PM
3083,3,1,1,7/21/2024 2:35:06 PM
3084,5,1,5,3/29/2025 2:35:06 PM
3085,1,1,5,9/1/2024 2:35:06 PM
3086,4,1,5,1/21/2025 2:35:06 PM
3087,2,1,3,2/21/2025 2:35:06 PM
3088,2,1,4,5/5/2024 2:35:06 PM
3089,2,1,1,1/16/2025 2:35:06 PM
3090,2,1,5,10/30/2024 2:35:06 PM
3091,1,1,5,1/26/2025 2:35:06 PM
3092,1,1,1,5/14/2024 2:35:06 PM
3093,1,1,5,6/6/2024 2:35:06 PM
3094,2,1,4,10/9/2024 2:35:06 PM
3095,2,1,5,1/24/2025 2:35:06 PM
3096,1,1,5,12/29/2024 2:35:06 PM
3097,7,1,4,11/10/2024 2:35:06 PM
3098,6,1,5,7/31/2024 2:35:06 PM
3099,1,1,4,12/31/2024 2:35:06 PM
3100,6,1,1,8/25/2024 2:35:06 PM
3101,5,1,1,9/5/2024 2:35:06 PM
3102,3,1,3,4/28/2024 2:35:06 PM
3103,4,1,1,9/18/2024 2:35:06 PM
3104,7,1,5,12/23/2024 2:35:06 PM
3105,3,1,5,1/26/2025 2:35:06 PM
3106,7,1,2,6/5/2024 2:35:06 PM
3107,4,1,4,7/29/2024 2:35:06 PM
3108,2,1,2,2/1/2025 2:35:06 PM
3109,6,1,3,12/17/2024 2:35:06 PM
3110,7,1,4,9/29/2024 2:35:06 PM
3111,4,1,4,11/22/2024 2:35:06 PM
3112,5,1,2,6/13/2024 2:35:06 PM
3113,4,1,3,12/2/2024 2:35:06 PM
3114,4,1,2,3/15/2025 2:35:06 PM
3115,1,1,2,11/8/2024 2:35:06 PM
3116,5,1,4,12/7/2024 2:35:06 PM
3117,3,1,3,6/1/2024 2:35:06 PM
3118,1,1,5,9/12/2024 2:35:06 PM
3119,7,1,4,4/25/2024 2:35:06 PM
3120,4,1,5,11/11/2024 2:35:06 PM
3121,5,1,1,9/20/2024 2:35:06 PM
3122,4,1,5,12/18/2024 2:35:06 PM
3123,6,1,2,12/23/2024 2:35:06 PM
3124,4,1,4,9/17/2024 2:35:06 PM
3125,2,1,5,3/1/2025 2:35:06 PM
3126,3,1,3,4/30/2024 2:35:06 PM
3127,2,1,2,4/4/2024 2:35:06 PM
3128,7,1,5,10/9/2024 2:35:06 PM
3129,1,1,5,9/12/2024 2:35:06 PM
3130,5,1,2,8/16/2024 2:35:06 PM
3131,1,1,4,7/27/2024 2:35:06 PM
3132,3,1,1,11/7/2024 2:35:06 PM
3133,5,1,2,1/21/2025 2:35:06 PM
3134,7,1,1,8/11/2024 2:35:06 PM
3135,2,1,4,2/23/2025 2:35:06 PM
3136,3,1,3,3/16/2025 2:35:06 PM
3137,2,1,5,4/8/2024 2:35:06 PM
3138,5,1,3,4/18/2024 2:35:06 PM
3139,6,1,4,4/6/2024 2:35:06 PM
3140,4,1,3,6/24/2024 2:35:06 PM
3141,7,1,4,4/8/2024 2:35:06 PM
3142,3,1,3,1/21/2025 2:35:06 PM
3143,7,1,4,8/16/2024 2:35:06 PM
3144,2,1,3,2/6/2025 2:35:06 PM
3145,3,1,5,8/25/2024 2:35:06 PM
3146,3,1,2,12/22/2024 2:35:06 PM
3147,5,1,1,10/6/2024 2:35:06 PM
3148,4,1,1,12/2/2024 2:35:06 PM
3149,7,1,3,10/16/2024 2:35:06 PM
3150,7,1,5,6/18/2024 2:35:06 PM
3151,7,1,5,9/8/2024 2:35:06 PM
3152,4,1,1,1/6/2025 2:35:06 PM
3153,1,1,4,10/31/2024 2:35:06 PM
3154,7,1,3,2/7/2025 2:35:06 PM
3155,7,1,1,2/8/2025 2:35:06 PM
3156,2,1,3,6/14/2024 2:35:06 PM
3157,5,1,4,6/24/2024 2:35:06 PM
3158,1,1,2,3/9/2025 2:35:06 PM
3159,2,1,4,6/17/2024 2:35:06 PM
3160,4,1,2,6/23/2024 2:35:06 PM
3161,2,1,3,7/14/2024 2:35:06 PM
3162,3,1,2,6/1/2024 2:35:06 PM
3163,2,1,1,4/10/2024 2:35:06 PM
3164,4,1,3,9/25/2024 2:35:06 PM
3165,4,1,4,5/18/2024 2:35:06 PM
3166,6,1,4,3/15/2025 2:35:06 PM
3167,5,1,1,1/26/2025 2:35:06 PM
3168,2,1,1,7/25/2024 2:35:06 PM
3169,3,1,3,1/19/2025 2:35:06 PM
3170,5,1,2,4/8/2024 2:35:06 PM
3171,5,1,4,4/28/2024 2:35:06 PM
3172,7,1,5,1/18/2025 2:35:06 PM
3173,5,1,1,5/26/2024 2:35:06 PM
3174,5,1,4,5/1/2024 2:35:06 PM
3175,2,1,4,3/13/2025 2:35:06 PM
3176,6,1,5,9/14/2024 2:35:06 PM
3177,4,1,2,7/3/2024 2:35:06 PM
3178,3,1,4,3/31/2024 2:35:06 PM
3179,6,1,1,12/24/2024 2:35:06 PM
3180,1,1,4,12/21/2024 2:35:06 PM
3181,3,1,4,6/29/2024 2:35:06 PM
3182,1,1,3,6/11/2024 2:35:06 PM
3183,7,1,1,11/5/2024 2:35:06 PM
3184,3,1,4,4/3/2024 2:35:06 PM
3185,6,1,3,5/23/2024 2:35:06 PM
3186,6,1,1,12/11/2024 2:35:06 PM
3187,3,1,3,6/25/2024 2:35:06 PM
3188,5,1,1,7/26/2024 2:35:06 PM
3189,7,1,3,8/26/2024 2:35:06 PM
3190,1,1,4,7/24/2024 2:35:06 PM
3191,4,1,3,12/11/2024 2:35:06 PM
3192,2,1,4,9/10/2024 2:35:06 PM
3193,2,1,2,12/3/2024 2:35:06 PM
3194,2,1,2,3/21/2025 2:35:06 PM
3195,5,1,3,12/30/2024 2:35:06 PM
3196,5,1,3,7/4/2024 2:35:06 PM
3197,4,1,2,1/19/2025 2:35:06 PM
3198,5,1,4,11/16/2024 2:35:06 PM
3199,3,1,5,11/24/2024 2:35:06 PM
3200,6,1,2,7/14/2024 2:35:06 PM
3201,2,1,5,9/18/2024 2:35:06 PM
3202,4,1,4,5/6/2024 2:35:06 PM
3203,1,1,3,7/1/2024 2:35:06 PM
3204,4,1,2,1/16/2025 2:35:06 PM
3205,4,1,3,1/12/2025 2:35:06 PM
3206,1,1,5,1/10/2025 2:35:06 PM
3207,2,1,2,1/1/2025 2:35:06 PM
3208,4,1,1,4/5/2024 2:35:06 PM
3209,3,1,2,9/16/2024 2:35:06 PM
3210,5,1,2,12/3/2024 2:35:06 PM
3211,6,1,2,2/8/2025 2:35:06 PM
3212,4,1,3,9/5/2024 2:35:06 PM
3213,4,1,3,5/16/2024 2:35:06 PM
3214,5,1,5,3/8/2025 2:35:06 PM
3215,6,1,3,4/16/2024 2:35:06 PM
3216,4,1,5,6/28/2024 2:35:06 PM
3217,1,1,5,6/5/2024 2:35:06 PM
3218,6,1,5,11/14/2024 2:35:06 PM
3219,4,1,5,10/25/2024 2:35:06 PM
3220,4,1,1,11/5/2024 2:35:06 PM
3221,1,1,2,2/13/2025 2:35:06 PM
3222,1,1,3,10/25/2024 2:35:06 PM
3223,2,1,5,12/10/2024 2:35:06 PM
3224,5,1,4,12/6/2024 2:35:06 PM
3225,5,1,1,1/11/2025 2:35:06 PM
3226,7,1,1,8/27/2024 2:35:06 PM
3227,1,1,5,4/1/2024 2:35:06 PM
3228,1,1,5,6/6/2024 2:35:06 PM
3229,3,1,5,8/31/2024 2:35:06 PM
3230,3,1,3,4/9/2024 2:35:06 PM
3231,5,1,3,12/8/2024 2:35:06 PM
3232,4,1,4,7/4/2024 2:35:06 PM
3233,4,1,1,4/6/2024 2:35:06 PM
3234,4,1,1,11/7/2024 2:35:06 PM
3235,5,1,1,11/8/2024 2:35:06 PM
3236,6,1,1,6/25/2024 2:35:06 PM
3237,6,1,2,4/4/2024 2:35:06 PM
3238,6,1,5,8/11/2024 2:35:06 PM
3239,5,1,1,1/29/2025 2:35:06 PM
3240,4,1,2,8/21/2024 2:35:06 PM
3241,6,1,5,11/16/2024 2:35:06 PM
3242,4,1,4,10/18/2024 2:35:06 PM
3243,6,1,4,2/13/2025 2:35:06 PM
3244,4,1,4,3/15/2025 2:35:06 PM
3245,3,1,4,7/9/2024 2:35:06 PM
3246,4,1,5,1/27/2025 2:35:06 PM
3247,2,1,2,5/9/2024 2:35:06 PM
3248,3,1,4,8/13/2024 2:35:06 PM
3249,1,1,4,10/13/2024 2:35:06 PM
3250,6,1,2,6/26/2024 2:35:06 PM
3251,1,1,3,11/4/2024 2:35:06 PM
3252,5,1,1,1/24/2025 2:35:06 PM
3253,1,1,5,11/29/2024 2:35:06 PM
3254,5,1,3,4/20/2024 2:35:06 PM
3255,4,1,3,11/5/2024 2:35:06 PM
3256,5,1,1,9/20/2024 2:35:06 PM
3257,5,1,2,8/14/2024 2:35:06 PM
3258,2,1,2,2/27/2025 2:35:06 PM
3259,3,1,1,5/11/2024 2:35:06 PM
3260,3,1,4,2/9/2025 2:35:06 PM
3261,1,1,2,11/27/2024 2:35:06 PM
3262,2,1,5,3/29/2025 2:35:06 PM
3263,6,1,2,7/7/2024 2:35:06 PM
3264,4,1,4,12/21/2024 2:35:06 PM
3265,1,1,3,9/21/2024 2:35:06 PM
3266,6,1,4,11/8/2024 2:35:06 PM
3267,2,1,3,10/31/2024 2:35:06 PM
3268,7,1,5,10/6/2024 2:35:06 PM
3269,1,1,5,8/26/2024 2:35:06 PM
3270,2,1,5,9/12/2024 2:35:06 PM
3271,3,1,1,1/12/2025 2:35:06 PM
3272,3,1,3,12/27/2024 2:35:06 PM
3273,5,1,2,6/2/2024 2:35:06 PM
3274,4,1,3,9/13/2024 2:35:06 PM
3275,5,1,5,11/8/2024 2:35:06 PM
3276,5,1,4,11/15/2024 2:35:06 PM
3277,2,1,1,7/27/2024 2:35:06 PM
3278,1,1,1,11/8/2024 2:35:06 PM
3279,2,1,2,5/19/2024 2:35:06 PM
3280,2,1,3,12/19/2024 2:35:06 PM
3281,6,1,1,11/7/2024 2:35:06 PM
3282,2,1,1,10/6/2024 2:35:06 PM
3283,7,1,3,1/24/2025 2:35:06 PM
3284,2,1,2,8/4/2024 2:35:06 PM
3285,3,1,5,11/30/2024 2:35:06 PM
3286,3,1,3,6/30/2024 2:35:06 PM
3287,4,1,1,7/30/2024 2:35:06 PM
3288,6,1,1,8/16/2024 2:35:06 PM
3289,7,1,3,1/8/2025 2:35:06 PM
3290,5,1,4,7/12/2024 2:35:06 PM
3291,6,1,4,9/12/2024 2:35:06 PM
3292,5,1,5,2/4/2025 2:35:06 PM
3293,5,1,3,5/15/2024 2:35:06 PM
3294,1,1,3,7/4/2024 2:35:06 PM
3295,5,1,3,6/2/2024 2:35:06 PM
3296,4,1,3,7/23/2024 2:35:06 PM
3297,3,1,5,8/9/2024 2:35:06 PM
3298,3,1,5,5/26/2024 2:35:06 PM
3299,3,1,3,1/6/2025 2:35:06 PM
3300,3,1,5,7/5/2024 2:35:06 PM
3301,4,1,1,12/29/2024 2:35:06 PM
3302,2,1,2,4/24/2024 2:35:06 PM
3303,2,1,3,12/7/2024 2:35:06 PM
3304,7,1,1,12/22/2024 2:35:06 PM
3305,4,1,4,2/7/2025 2:35:06 PM
3306,1,1,1,2/1/2025 2:35:06 PM
3307,4,1,1,11/21/2024 2:35:06 PM
3308,1,1,1,1/11/2025 2:35:06 PM
3309,6,1,3,2/6/2025 2:35:06 PM
3310,7,1,1,1/22/2025 2:35:06 PM
3311,1,1,5,5/6/2024 2:35:06 PM
3312,6,1,2,6/4/2024 2:35:06 PM
3313,5,1,2,1/28/2025 2:35:06 PM
3314,7,1,2,3/16/2025 2:35:06 PM
3315,6,1,1,3/12/2025 2:35:06 PM
3316,1,1,2,1/14/2025 2:35:06 PM
3317,2,1,3,12/4/2024 2:35:06 PM
3318,2,1,4,5/30/2024 2:35:06 PM
3319,2,1,5,2/21/2025 2:35:06 PM
3320,2,1,2,10/18/2024 2:35:06 PM
3321,2,1,1,7/2/2024 2:35:06 PM
3322,7,1,4,1/21/2025 2:35:06 PM
3323,1,1,4,2/13/2025 2:35:06 PM
3324,7,1,2,5/6/2024 2:35:06 PM
3325,7,1,4,3/8/2025 2:35:06 PM
3326,5,1,3,8/1/2024 2:35:06 PM
3327,7,1,3,10/16/2024 2:35:06 PM
3328,3,1,4,7/25/2024 2:35:06 PM
3329,2,1,2,11/19/2024 2:35:06 PM
3330,1,1,3,7/17/2024 2:35:06 PM
3331,3,1,2,2/12/2025 2:35:06 PM
3332,6,1,3,5/10/2024 2:35:06 PM
3333,3,1,3,8/15/2024 2:35:06 PM
3334,2,1,3,1/3/2025 2:35:06 PM
3335,6,1,5,4/22/2024 2:35:06 PM
3336,3,1,2,1/2/2025 2:35:06 PM
3337,2,1,1,1/3/2025 2:35:06 PM
3338,5,1,2,4/28/2024 2:35:06 PM
3339,2,1,2,10/10/2024 2:35:06 PM
3340,2,1,1,7/11/2024 2:35:06 PM
3341,7,1,2,2/5/2025 2:35:06 PM
3342,3,1,2,8/23/2024 2:35:06 PM
3343,6,1,3,9/4/2024 2:35:06 PM
3344,6,1,4,6/14/2024 2:35:06 PM
3345,4,1,2,2/21/2025 2:35:06 PM
3346,1,1,1,10/26/2024 2:35:06 PM
3347,2,1,4,8/6/2024 2:35:06 PM
3348,5,1,1,6/25/2024 2:35:06 PM
3349,2,1,2,2/6/2025 2:35:06 PM
3350,2,1,1,9/5/2024 2:35:06 PM
3351,6,1,4,4/12/2024 2:35:06 PM
3352,4,1,1,3/19/2025 2:35:06 PM
3353,7,1,3,10/26/2024 2:35:06 PM
3354,3,1,5,6/29/2024 2:35:06 PM
3355,7,1,2,2/2/2025 2:35:06 PM
3356,4,1,4,12/10/2024 2:35:06 PM
3357,5,1,5,7/25/2024 2:35:06 PM
3358,2,1,1,5/13/2024 2:35:06 PM
3359,4,1,5,6/18/2024 2:35:06 PM
3360,1,1,1,11/21/2024 2:35:06 PM
3361,1,1,2,12/8/2024 2:35:06 PM
3362,1,1,1,5/17/2024 2:35:06 PM
3363,6,1,4,9/15/2024 2:35:06 PM
3364,4,1,1,8/19/2024 2:35:06 PM
3365,5,1,1,2/18/2025 2:35:06 PM
3366,3,1,4,5/18/2024 2:35:06 PM
3367,3,1,2,8/26/2024 2:35:06 PM
3368,2,1,5,10/8/2024 2:35:06 PM
3369,3,1,3,6/24/2024 2:35:06 PM
3370,3,1,1,11/9/2024 2:35:06 PM
3371,7,1,1,9/29/2024 2:35:06 PM
3372,5,1,3,3/12/2025 2:35:06 PM
3373,1,1,3,12/30/2024 2:35:06 PM
3374,7,1,4,4/30/2024 2:35:06 PM
3375,4,1,1,4/17/2024 2:35:06 PM
3376,7,1,4,10/3/2024 2:35:06 PM
3377,4,1,3,7/25/2024 2:35:06 PM
3378,2,1,4,6/20/2024 2:35:06 PM
3379,4,1,3,9/4/2024 2:35:06 PM
3380,1,1,1,5/6/2024 2:35:06 PM
3381,7,1,4,6/17/2024 2:35:06 PM
3382,5,1,5,3/11/2025 2:35:06 PM
3383,3,1,3,2/1/2025 2:35:06 PM
3384,5,1,4,1/20/2025 2:35:06 PM
3385,7,1,3,12/9/2024 2:35:06 PM
3386,1,1,4,10/12/2024 2:35:06 PM
3387,2,1,2,8/10/2024 2:35:06 PM
3388,5,1,2,5/16/2024 2:35:06 PM
3389,7,1,3,5/11/2024 2:35:06 PM
3390,2,1,2,10/6/2024 2:35:06 PM
3391,6,1,3,6/18/2024 2:35:06 PM
3392,7,1,2,3/21/2025 2:35:06 PM
3393,6,1,5,4/27/2024 2:35:06 PM
3394,4,1,3,1/25/2025 2:35:06 PM
3395,6,1,3,10/26/2024 2:35:06 PM
3396,2,1,3,11/25/2024 2:35:06 PM
3397,3,1,2,6/27/2024 2:35:06 PM
3398,3,1,2,12/15/2024 2:35:06 PM
3399,4,1,4,1/2/2025 2:35:06 PM
3400,4,1,5,2/24/2025 2:35:06 PM
3401,1,1,3,1/8/2025 2:35:06 PM
3402,2,1,1,5/7/2024 2:35:06 PM
3403,1,1,5,9/11/2024 2:35:06 PM
3404,6,1,3,12/9/2024 2:35:06 PM
3405,3,1,5,12/29/2024 2:35:06 PM
3406,2,1,4,2/14/2025 2:35:06 PM
3407,2,1,1,4/14/2024 2:35:06 PM
3408,7,1,3,10/8/2024 2:35:06 PM
3409,4,1,1,8/30/2024 2:35:06 PM
3410,7,1,3,9/30/2024 2:35:06 PM
3411,5,1,5,12/23/2024 2:35:06 PM
3412,1,1,1,5/16/2024 2:35:06 PM
3413,6,1,3,9/18/2024 2:35:06 PM
3414,6,1,2,5/23/2024 2:35:06 PM
3415,4,1,2,3/7/2025 2:35:06 PM
3416,7,1,4,12/13/2024 2:35:06 PM
3417,5,1,5,3/22/2025 2:35:06 PM
3418,3,1,4,4/8/2024 2:35:06 PM
3419,6,1,2,12/18/2024 2:35:06 PM
3420,1,1,1,12/31/2024 2:35:06 PM
3421,5,1,2,7/6/2024 2:35:06 PM
3422,4,1,4,7/26/2024 2:35:06 PM
3423,1,1,4,5/11/2024 2:35:06 PM
3424,7,1,3,1/23/2025 2:35:06 PM
3425,7,1,1,4/28/2024 2:35:06 PM
3426,3,1,5,10/17/2024 2:35:06 PM
3427,7,1,3,5/27/2024 2:35:06 PM
3428,6,1,2,11/9/2024 2:35:06 PM
3429,7,1,4,1/12/2025 2:35:06 PM
3430,2,1,2,11/22/2024 2:35:06 PM
3431,1,1,5,6/11/2024 2:35:06 PM
3432,6,1,4,6/30/2024 2:35:06 PM
3433,3,1,5,4/21/2024 2:35:06 PM
3434,3,1,1,1/21/2025 2:35:06 PM
3435,5,1,2,9/25/2024 2:35:06 PM
3436,4,1,1,2/16/2025 2:35:06 PM
3437,1,1,2,3/15/2025 2:35:06 PM
3438,4,1,1,3/20/2025 2:35:06 PM
3439,3,1,4,4/10/2024 2:35:06 PM
3440,5,1,1,10/22/2024 2:35:06 PM
3441,4,1,5,12/12/2024 2:35:06 PM
3442,2,1,5,9/2/2024 2:35:06 PM
3443,7,1,1,8/1/2024 2:35:06 PM
3444,4,1,2,2/17/2025 2:35:06 PM
3445,7,1,1,10/28/2024 2:35:06 PM
3446,1,1,3,12/23/2024 2:35:06 PM
3447,6,1,5,2/4/2025 2:35:06 PM
3448,2,1,3,6/23/2024 2:35:06 PM
3449,4,1,1,1/12/2025 2:35:06 PM
3450,6,1,5,4/19/2024 2:35:06 PM
3451,3,1,4,2/10/2025 2:35:06 PM
3452,5,1,5,10/15/2024 2:35:06 PM
3453,1,1,2,3/19/2025 2:35:06 PM
3454,3,1,5,7/3/2024 2:35:06 PM
3455,5,1,4,8/14/2024 2:35:06 PM
3456,5,1,1,11/11/2024 2:35:06 PM
3457,4,1,5,5/5/2024 2:35:06 PM
3458,7,1,4,10/11/2024 2:35:06 PM
3459,2,1,5,1/21/2025 2:35:06 PM
3460,4,1,3,4/20/2024 2:35:06 PM
3461,4,1,5,11/4/2024 2:35:06 PM
3462,4,1,2,12/24/2024 2:35:06 PM
3463,6,1,1,1/4/2025 2:35:06 PM
3464,3,1,4,12/8/2024 2:35:06 PM
3465,3,1,3,3/7/2025 2:35:06 PM
3466,7,1,5,11/14/2024 2:35:06 PM
3467,6,1,4,1/23/2025 2:35:06 PM
3468,6,1,4,12/29/2024 2:35:06 PM
3469,1,1,1,9/3/2024 2:35:06 PM
3470,4,1,5,8/9/2024 2:35:06 PM
3471,1,1,1,3/2/2025 2:35:06 PM
3472,5,1,4,2/20/2025 2:35:06 PM
3473,4,1,3,2/1/2025 2:35:06 PM
3474,6,1,2,6/30/2024 2:35:06 PM
3475,1,1,2,2/27/2025 2:35:06 PM
3476,1,1,2,5/4/2024 2:35:06 PM
3477,7,1,5,3/30/2024 2:35:06 PM
3478,5,1,3,1/9/2025 2:35:06 PM
3479,4,1,3,1/28/2025 2:35:06 PM
3480,4,1,1,10/4/2024 2:35:06 PM
3481,1,1,5,2/12/2025 2:35:06 PM
3482,2,1,2,8/22/2024 2:35:06 PM
3483,3,1,2,5/10/2024 2:35:06 PM
3484,1,1,3,4/5/2024 2:35:06 PM
3485,5,1,5,9/17/2024 2:35:06 PM
3486,6,1,5,7/4/2024 2:35:06 PM
3487,6,1,5,1/6/2025 2:35:06 PM
3488,4,1,4,5/24/2024 2:35:06 PM
3489,2,1,2,12/3/2024 2:35:06 PM
3490,2,1,3,9/11/2024 2:35:06 PM
3491,7,1,5,11/21/2024 2:35:06 PM
3492,5,1,2,10/15/2024 2:35:06 PM
3493,1,1,1,3/16/2025 2:35:06 PM
3494,1,1,3,10/17/2024 2:35:06 PM
3495,6,1,3,4/28/2024 2:35:06 PM
3496,3,1,4,11/28/2024 2:35:06 PM
3497,6,1,4,2/2/2025 2:35:06 PM
3498,2,1,5,10/15/2024 2:35:06 PM
3499,4,1,5,3/16/2025 2:35:06 PM
3500,2,1,5,5/14/2024 2:35:06 PM
3501,7,1,1,10/13/2024 2:35:06 PM
3502,7,1,1,1/11/2025 2:35:06 PM
3503,3,1,3,6/5/2024 2:35:06 PM
3504,1,1,1,10/28/2024 2:35:06 PM
3505,5,1,5,1/4/2025 2:35:06 PM
3506,6,1,3,7/1/2024 2:35:06 PM
3507,5,1,5,3/6/2025 2:35:06 PM
3508,7,1,4,12/1/2024 2:35:06 PM
3509,3,1,5,11/8/2024 2:35:06 PM
3510,2,1,5,10/19/2024 2:35:06 PM
3511,2,1,3,7/3/2024 2:35:06 PM
3512,3,1,3,4/29/2024 2:35:06 PM
3513,2,1,5,12/25/2024 2:35:06 PM
3514,1,1,3,8/20/2024 2:35:06 PM
3515,7,1,4,12/19/2024 2:35:06 PM
3516,1,1,4,10/22/2024 2:35:06 PM
3517,2,1,2,8/3/2024 2:35:06 PM
3518,5,1,1,6/6/2024 2:35:06 PM
3519,5,1,3,3/19/2025 2:35:06 PM
3520,2,1,2,3/10/2025 2:35:06 PM
3521,7,1,3,2/11/2025 2:35:06 PM
3522,7,1,2,2/26/2025 2:35:06 PM
3523,4,1,4,5/26/2024 2:35:06 PM
3524,2,1,4,11/2/2024 2:35:06 PM
3525,3,1,5,12/30/2024 2:35:06 PM
3526,3,1,5,11/23/2024 2:35:06 PM
3527,4,1,1,7/15/2024 2:35:06 PM
3528,6,1,5,3/24/2025 2:35:06 PM
3529,2,1,5,12/17/2024 2:35:06 PM
3530,6,1,3,3/16/2025 2:35:06 PM
3531,6,1,5,4/14/2024 2:35:06 PM
3532,3,1,2,4/19/2024 2:35:06 PM
3533,5,1,3,6/7/2024 2:35:06 PM
3534,6,1,2,7/15/2024 2:35:06 PM
3535,7,1,4,7/9/2024 2:35:06 PM
3536,5,1,2,9/6/2024 2:35:06 PM
3537,1,1,5,10/30/2024 2:35:06 PM
3538,3,1,2,3/5/2025 2:35:06 PM
3539,3,1,4,2/21/2025 2:35:06 PM
3540,6,1,3,8/29/2024 2:35:06 PM
3541,5,1,4,12/1/2024 2:35:06 PM
3542,2,1,1,5/25/2024 2:35:06 PM
3543,7,1,5,2/16/2025 2:35:06 PM
3544,1,1,5,10/9/2024 2:35:06 PM
3545,2,1,5,5/30/2024 2:35:06 PM
3546,5,1,4,1/8/2025 2:35:06 PM
3547,5,1,1,12/1/2024 2:35:06 PM
3548,1,1,4,5/12/2024 2:35:06 PM
3549,1,1,4,11/24/2024 2:35:06 PM
3550,6,1,3,5/19/2024 2:35:06 PM
3551,4,1,5,3/16/2025 2:35:06 PM
3552,7,1,2,4/12/2024 2:35:06 PM
3553,7,1,3,6/7/2024 2:35:06 PM
3554,2,1,1,9/8/2024 2:35:06 PM
3555,1,1,4,3/26/2025 2:35:06 PM
3556,3,1,2,8/11/2024 2:35:06 PM
3557,2,1,3,8/5/2024 2:35:06 PM
3558,2,1,5,1/14/2025 2:35:06 PM
3559,4,1,4,6/9/2024 2:35:06 PM
3560,3,1,2,7/24/2024 2:35:06 PM
3561,6,1,3,8/7/2024 2:35:06 PM
3562,6,1,3,8/16/2024 2:35:06 PM
3563,6,1,5,3/10/2025 2:35:06 PM
3564,1,1,1,1/22/2025 2:35:06 PM
3565,7,1,3,5/10/2024 2:35:06 PM
3566,3,1,5,8/4/2024 2:35:06 PM
3567,6,1,1,11/19/2024 2:35:06 PM
3568,7,1,3,7/17/2024 2:35:06 PM
3569,5,1,4,3/13/2025 2:35:06 PM
3570,7,1,3,7/1/2024 2:35:06 PM
3571,7,1,2,8/23/2024 2:35:06 PM
3572,6,1,4,9/13/2024 2:35:06 PM
3573,1,1,2,10/8/2024 2:35:06 PM
3574,5,1,5,3/1/2025 2:35:06 PM
3575,6,1,2,9/18/2024 2:35:06 PM
3576,5,1,2,5/12/2024 2:35:06 PM
3577,1,1,5,1/9/2025 2:35:06 PM
3578,5,1,5,2/21/2025 2:35:06 PM
3579,4,1,3,11/8/2024 2:35:06 PM
3580,1,1,1,10/10/2024 2:35:06 PM
3581,5,1,3,6/18/2024 2:35:06 PM
3582,5,1,5,2/19/2025 2:35:06 PM
3583,3,1,3,11/20/2024 2:35:06 PM
3584,5,1,4,1/9/2025 2:35:06 PM
3585,1,1,2,3/28/2025 2:35:06 PM
3586,1,1,3,2/11/2025 2:35:06 PM
3587,4,1,3,10/14/2024 2:35:06 PM
3588,3,1,1,7/4/2024 2:35:06 PM
3589,1,1,4,9/19/2024 2:35:06 PM
3590,3,1,5,12/15/2024 2:35:06 PM
3591,4,1,2,11/24/2024 2:35:06 PM
3592,4,1,3,1/19/2025 2:35:06 PM
3593,2,1,4,2/9/2025 2:35:06 PM
3594,1,1,1,11/27/2024 2:35:06 PM
3595,7,1,2,4/10/2024 2:35:06 PM
3596,6,1,4,5/19/2024 2:35:06 PM
3597,2,1,1,4/13/2024 2:35:06 PM
3598,5,1,4,8/4/2024 2:35:06 PM
3599,5,1,2,9/21/2024 2:35:06 PM
3600,6,1,1,11/24/2024 2:35:06 PM
3601,6,1,2,7/23/2024 2:35:06 PM
3602,3,1,3,2/13/2025 2:35:06 PM
3603,1,1,2,8/6/2024 2:35:06 PM
3604,2,1,4,7/5/2024 2:35:06 PM
3605,7,1,1,12/8/2024 2:35:06 PM
3606,1,1,4,3/22/2025 2:35:06 PM
3607,7,1,5,5/25/2024 2:35:06 PM
3608,6,1,3,12/29/2024 2:35:06 PM
3609,4,1,5,12/2/2024 2:35:06 PM
3610,6,1,1,11/2/2024 2:35:06 PM
3611,4,1,1,3/13/2025 2:35:06 PM
3612,7,1,4,4/6/2024 2:35:06 PM
3613,4,1,3,6/21/2024 2:35:06 PM
3614,4,1,5,3/11/2025 2:35:06 PM
3615,1,1,4,10/19/2024 2:35:06 PM
3616,3,1,1,7/22/2024 2:35:06 PM
3617,3,1,1,12/23/2024 2:35:06 PM
3618,5,1,3,7/16/2024 2:35:06 PM
3619,4,1,3,11/3/2024 2:35:06 PM
3620,7,1,1,8/17/2024 2:35:06 PM
3621,4,1,2,4/20/2024 2:35:06 PM
3622,7,1,2,4/29/2024 2:35:06 PM
3623,6,1,1,11/5/2024 2:35:06 PM
3624,4,1,5,8/14/2024 2:35:06 PM
3625,1,1,2,6/28/2024 2:35:06 PM
3626,4,1,1,9/24/2024 2:35:06 PM
3627,7,1,1,6/7/2024 2:35:06 PM
3628,6,1,1,3/21/2025 2:35:06 PM
3629,4,1,3,2/11/2025 2:35:06 PM
3630,7,1,2,8/6/2024 2:35:06 PM
3631,4,1,1,7/24/2024 2:35:06 PM
3632,4,1,2,2/17/2025 2:35:06 PM
3633,5,1,2,6/14/2024 2:35:06 PM
3634,1,1,5,5/18/2024 2:35:06 PM
3635,5,1,1,3/19/2025 2:35:06 PM
3636,2,1,1,3/25/2025 2:35:06 PM
3637,6,1,4,10/11/2024 2:35:06 PM
3638,7,1,4,10/4/2024 2:35:06 PM
3639,5,1,2,4/10/2024 2:35:06 PM
3640,2,1,4,4/25/2024 2:35:06 PM
3641,4,1,5,5/21/2024 2:35:06 PM
3642,5,1,4,2/20/2025 2:35:06 PM
3643,6,1,5,12/2/2024 2:35:06 PM
3644,6,1,4,11/28/2024 2:35:06 PM
3645,1,1,5,7/3/2024 2:35:06 PM
3646,7,1,2,1/9/2025 2:35:06 PM
3647,7,1,3,3/22/2025 2:35:06 PM
3648,6,1,5,2/28/2025 2:35:06 PM
3649,3,1,3,10/12/2024 2:35:06 PM
3650,7,1,5,4/6/2024 2:35:06 PM
3651,1,1,5,12/30/2024 2:35:06 PM
3652,2,1,1,11/14/2024 2:35:06 PM
3653,3,1,3,3/3/2025 2:35:06 PM
3654,4,1,3,1/3/2025 2:35:06 PM
3655,4,1,2,12/28/2024 2:35:06 PM
3656,4,1,4,7/31/2024 2:35:06 PM
3657,4,1,2,8/2/2024 2:35:06 PM
3658,5,1,4,9/3/2024 2:35:06 PM
3659,6,1,1,1/28/2025 2:35:06 PM
3660,4,1,3,7/2/2024 2:35:06 PM
3661,3,1,1,10/7/2024 2:35:06 PM
3662,6,1,5,9/21/2024 2:35:06 PM
3663,1,1,5,9/28/2024 2:35:06 PM
3664,1,1,2,9/15/2024 2:35:06 PM
3665,2,1,1,8/9/2024 2:35:06 PM
3666,4,1,5,1/26/2025 2:35:06 PM
3667,1,1,5,10/3/2024 2:35:06 PM
3668,7,1,5,9/18/2024 2:35:06 PM
3669,1,1,2,11/26/2024 2:35:06 PM
3670,2,1,2,3/30/2024 2:35:06 PM
3671,3,1,3,7/24/2024 2:35:06 PM
3672,7,1,3,9/14/2024 2:35:06 PM
3673,7,1,4,6/3/2024 2:35:06 PM
3674,5,1,1,7/23/2024 2:35:06 PM
3675,4,1,3,9/15/2024 2:35:06 PM
3676,4,1,1,11/6/2024 2:35:06 PM
3677,5,1,3,4/17/2024 2:35:06 PM
3678,2,1,3,3/27/2025 2:35:06 PM
3679,2,1,1,3/12/2025 2:35:06 PM
3680,3,1,1,3/12/2025 2:35:06 PM
3681,3,1,2,5/19/2024 2:35:06 PM
3682,4,1,5,12/7/2024 2:35:06 PM
3683,4,1,3,9/20/2024 2:35:06 PM
3684,2,1,3,7/28/2024 2:35:06 PM
3685,3,1,2,2/14/2025 2:35:06 PM
3686,6,1,1,5/26/2024 2:35:06 PM
3687,6,1,1,3/1/2025 2:35:06 PM
3688,1,1,3,4/13/2024 2:35:06 PM
3689,1,1,3,5/27/2024 2:35:06 PM
3690,6,1,5,2/18/2025 2:35:06 PM
3691,2,1,4,12/26/2024 2:35:06 PM
3692,4,1,2,9/11/2024 2:35:06 PM
3693,5,1,4,8/31/2024 2:35:06 PM
3694,7,1,3,2/4/2025 2:35:06 PM
3695,4,1,1,7/7/2024 2:35:06 PM
3696,6,1,5,6/7/2024 2:35:06 PM
3697,4,1,1,5/9/2024 2:35:06 PM
3698,1,1,5,5/24/2024 2:35:06 PM
3699,3,1,2,5/18/2024 2:35:06 PM
3700,6,1,4,5/4/2024 2:35:06 PM
3701,3,1,5,1/20/2025 2:35:06 PM
3702,6,1,5,7/27/2024 2:35:06 PM
3703,1,1,4,11/20/2024 2:35:06 PM
3704,5,1,4,11/21/2024 2:35:06 PM
3705,2,1,4,12/19/2024 2:35:06 PM
3706,3,1,1,12/10/2024 2:35:06 PM
3707,4,1,5,11/11/2024 2:35:06 PM
3708,1,1,3,7/21/2024 2:35:06 PM
3709,7,1,5,9/24/2024 2:35:06 PM
3710,6,1,3,1/19/2025 2:35:06 PM
3711,4,1,1,10/24/2024 2:35:06 PM
3712,7,1,2,9/20/2024 2:35:06 PM
3713,6,1,2,9/23/2024 2:35:06 PM
3714,4,1,5,4/20/2024 2:35:06 PM
3715,5,1,2,10/24/2024 2:35:06 PM
3716,4,1,3,10/16/2024 2:35:06 PM
3717,7,1,5,7/23/2024 2:35:06 PM
3718,6,1,2,7/23/2024 2:35:06 PM
3719,7,1,4,1/21/2025 2:35:06 PM
3720,5,1,3,10/30/2024 2:35:06 PM
3721,1,1,4,1/11/2025 2:35:06 PM
3722,2,1,2,4/24/2024 2:35:06 PM
3723,1,1,5,5/26/2024 2:35:06 PM
3724,1,1,2,3/16/2025 2:35:06 PM
3725,7,1,1,7/22/2024 2:35:06 PM
3726,6,1,4,2/16/2025 2:35:06 PM
3727,7,1,3,10/12/2024 2:35:06 PM
3728,2,1,1,12/24/2024 2:35:06 PM
3729,6,1,4,3/29/2025 2:35:06 PM
3730,7,1,2,7/12/2024 2:35:06 PM
3731,3,1,1,6/1/2024 2:35:06 PM
3732,1,1,1,6/5/2024 2:35:06 PM
3733,3,1,2,3/12/2025 2:35:06 PM
3734,7,1,2,4/18/2024 2:35:06 PM
3735,5,1,2,2/9/2025 2:35:06 PM
3736,7,1,3,4/11/2024 2:35:06 PM
3737,7,1,5,7/31/2024 2:35:06 PM
3738,7,1,3,2/24/2025 2:35:06 PM
3739,3,1,5,5/29/2024 2:35:06 PM
3740,6,1,5,12/7/2024 2:35:06 PM
3741,2,1,4,4/21/2024 2:35:06 PM
3742,6,1,1,10/27/2024 2:35:06 PM
3743,2,1,5,11/17/2024 2:35:06 PM
3744,4,1,2,2/20/2025 2:35:06 PM
3745,2,1,4,3/13/2025 2:35:06 PM
3746,4,1,1,12/15/2024 2:35:06 PM
3747,7,1,5,12/10/2024 2:35:06 PM
3748,3,1,4,11/8/2024 2:35:06 PM
3749,2,1,5,9/8/2024 2:35:06 PM
3750,7,1,2,1/18/2025 2:35:06 PM
3751,5,1,2,8/25/2024 2:35:06 PM
3752,6,1,5,11/8/2024 2:35:06 PM
3753,6,1,1,7/23/2024 2:35:06 PM
3754,4,1,5,2/23/2025 2:35:06 PM
3755,1,1,2,8/20/2024 2:35:06 PM
3756,3,1,3,7/7/2024 2:35:06 PM
3757,5,1,1,11/16/2024 2:35:06 PM
3758,6,1,2,9/7/2024 2:35:06 PM
3759,6,1,3,11/14/2024 2:35:06 PM
3760,4,1,1,11/3/2024 2:35:06 PM
3761,5,1,2,10/2/2024 2:35:06 PM
3762,7,1,1,9/29/2024 2:35:06 PM
3763,1,1,5,3/3/2025 2:35:06 PM
3764,4,1,1,7/9/2024 2:35:06 PM
3765,5,1,2,10/18/2024 2:35:06 PM
3766,6,1,1,7/20/2024 2:35:06 PM
3767,6,1,5,8/23/2024 2:35:06 PM
3768,2,1,2,2/15/2025 2:35:06 PM
3769,2,1,1,5/6/2024 2:35:06 PM
3770,5,1,3,10/30/2024 2:35:06 PM
3771,2,1,1,8/25/2024 2:35:06 PM
3772,2,1,3,4/10/2024 2:35:06 PM
3773,3,1,5,1/29/2025 2:35:06 PM
3774,1,1,2,2/24/2025 2:35:06 PM
3775,2,1,3,9/15/2024 2:35:06 PM
3776,2,1,5,4/3/2024 2:35:06 PM
3777,7,1,1,1/8/2025 2:35:06 PM
3778,2,1,2,2/20/2025 2:35:06 PM
3779,7,1,1,9/5/2024 2:35:06 PM
3780,5,1,3,5/21/2024 2:35:06 PM
3781,2,1,3,11/17/2024 2:35:06 PM
3782,1,1,3,9/11/2024 2:35:06 PM
3783,2,1,4,6/5/2024 2:35:06 PM
3784,2,1,3,3/11/2025 2:35:06 PM
3785,6,1,4,2/7/2025 2:35:06 PM
3786,2,1,4,5/29/2024 2:35:06 PM
3787,1,1,4,7/21/2024 2:35:06 PM
3788,4,1,5,8/16/2024 2:35:06 PM
3789,1,1,4,11/10/2024 2:35:06 PM
3790,2,1,2,7/18/2024 2:35:06 PM
3791,5,1,2,3/16/2025 2:35:06 PM
3792,1,1,4,6/7/2024 2:35:06 PM
3793,1,1,5,4/5/2024 2:35:06 PM
3794,1,1,1,9/3/2024 2:35:06 PM
3795,1,1,1,9/30/2024 2:35:06 PM
3796,4,1,3,3/21/2025 2:35:06 PM
3797,2,1,2,12/3/2024 2:35:06 PM
3798,5,1,3,4/25/2024 2:35:06 PM
3799,7,1,1,6/7/2024 2:35:06 PM
3800,1,1,1,1/31/2025 2:35:06 PM
3801,2,1,4,10/29/2024 2:35:06 PM
3802,5,1,4,1/27/2025 2:35:06 PM
3803,5,1,3,11/6/2024 2:35:06 PM
3804,2,1,1,2/24/2025 2:35:06 PM
3805,1,1,2,4/11/2024 2:35:06 PM
3806,1,1,3,10/30/2024 2:35:06 PM
3807,7,1,1,2/1/2025 2:35:06 PM
3808,1,1,1,10/16/2024 2:35:06 PM
3809,1,1,5,9/30/2024 2:35:06 PM
3810,2,1,2,2/16/2025 2:35:06 PM
3811,3,1,5,5/13/2024 2:35:06 PM
3812,1,1,5,12/1/2024 2:35:06 PM
3813,5,1,1,4/2/2024 2:35:06 PM
3814,3,1,3,9/19/2024 2:35:06 PM
3815,7,1,5,7/14/2024 2:35:06 PM
3816,7,1,2,10/5/2024 2:35:06 PM
3817,2,1,4,6/12/2024 2:35:06 PM
3818,4,1,5,10/9/2024 2:35:06 PM
3819,4,1,5,6/17/2024 2:35:06 PM
3820,7,1,5,3/6/2025 2:35:06 PM
3821,3,1,5,9/2/2024 2:35:06 PM
3822,7,1,1,11/25/2024 2:35:06 PM
3823,5,1,2,12/7/2024 2:35:06 PM
3824,6,1,3,2/11/2025 2:35:06 PM
3825,6,1,4,3/28/2025 2:35:06 PM
3826,3,1,2,10/6/2024 2:35:06 PM
3827,3,1,2,2/22/2025 2:35:06 PM
3828,3,1,3,5/19/2024 2:35:06 PM
3829,4,1,1,7/18/2024 2:35:06 PM
3830,7,1,5,12/6/2024 2:35:06 PM
3831,3,1,1,6/1/2024 2:35:06 PM
3832,4,1,2,10/20/2024 2:35:06 PM
3833,2,1,3,3/8/2025 2:35:06 PM
3834,4,1,1,3/30/2024 2:35:06 PM
3835,2,1,1,9/27/2024 2:35:06 PM
3836,7,1,3,10/3/2024 2:35:06 PM
3837,7,1,3,10/11/2024 2:35:06 PM
3838,7,1,5,3/31/2024 2:35:06 PM
3839,5,1,4,1/26/2025 2:35:06 PM
3840,1,1,4,9/24/2024 2:35:06 PM
3841,4,1,4,10/20/2024 2:35:06 PM
3842,5,1,5,4/29/2024 2:35:06 PM
3843,5,1,2,10/18/2024 2:35:06 PM
3844,3,1,1,9/13/2024 2:35:06 PM
3845,4,1,1,8/9/2024 2:35:06 PM
3846,6,1,3,3/29/2025 2:35:06 PM
3847,4,1,2,10/20/2024 2:35:06 PM
3848,6,1,2,4/22/2024 2:35:06 PM
3849,6,1,5,3/9/2025 2:35:06 PM
3850,2,1,2,4/7/2024 2:35:06 PM
3851,3,1,1,5/29/2024 2:35:06 PM
3852,3,1,4,3/20/2025 2:35:06 PM
3853,3,1,1,12/29/2024 2:35:06 PM
3854,5,1,4,9/24/2024 2:35:06 PM
3855,6,1,4,1/10/2025 2:35:06 PM
3856,4,1,4,12/15/2024 2:35:06 PM
3857,2,1,4,6/13/2024 2:35:06 PM
3858,4,1,5,5/17/2024 2:35:06 PM
3859,3,1,2,6/28/2024 2:35:06 PM
3860,2,1,4,3/26/2025 2:35:06 PM
3861,5,1,2,2/15/2025 2:35:06 PM
3862,6,1,5,7/6/2024 2:35:06 PM
3863,6,1,3,8/31/2024 2:35:06 PM
3864,1,1,5,12/11/2024 2:35:06 PM
3865,1,1,2,9/25/2024 2:35:06 PM
3866,7,1,5,11/30/2024 2:35:06 PM
3867,5,1,2,5/6/2024 2:35:06 PM
3868,5,1,4,1/20/2025 2:35:06 PM
3869,1,1,5,11/9/2024 2:35:06 PM
3870,3,1,3,3/23/2025 2:35:06 PM
3871,5,1,5,5/1/2024 2:35:06 PM
3872,6,1,4,10/4/2024 2:35:06 PM
3873,5,1,1,2/24/2025 2:35:06 PM
3874,3,1,2,3/12/2025 2:35:06 PM
3875,7,1,2,1/27/2025 2:35:06 PM
3876,4,1,2,2/24/2025 2:35:06 PM
3877,7,1,5,5/19/2024 2:35:06 PM
3878,7,1,4,5/26/2024 2:35:06 PM
3879,2,1,1,11/30/2024 2:35:06 PM
3880,2,1,3,4/27/2024 2:35:06 PM
3881,2,1,1,4/18/2024 2:35:06 PM
3882,3,1,2,9/2/2024 2:35:06 PM
3883,5,1,5,6/27/2024 2:35:06 PM
3884,6,1,5,9/6/2024 2:35:06 PM
3885,1,1,5,7/28/2024 2:35:06 PM
3886,1,1,1,10/19/2024 2:35:06 PM
3887,4,1,1,10/11/2024 2:35:06 PM
3888,1,1,3,4/17/2024 2:35:06 PM
3889,6,1,5,10/26/2024 2:35:06 PM
3890,4,1,5,9/6/2024 2:35:06 PM
3891,4,1,3,8/10/2024 2:35:06 PM
3892,2,1,2,1/12/2025 2:35:06 PM
3893,6,1,3,7/31/2024 2:35:06 PM
3894,1,1,3,10/26/2024 2:35:06 PM
3895,7,1,3,2/27/2025 2:35:06 PM
3896,7,1,1,7/12/2024 2:35:06 PM
3897,1,1,5,3/2/2025 2:35:06 PM
3898,2,1,1,7/1/2024 2:35:06 PM
3899,6,1,5,9/27/2024 2:35:06 PM
3900,4,1,5,3/1/2025 2:35:06 PM
3901,5,1,5,9/4/2024 2:35:06 PM
3902,2,1,5,5/30/2024 2:35:06 PM
3903,7,1,2,5/25/2024 2:35:06 PM
3904,1,1,2,3/18/2025 2:35:06 PM
3905,3,1,5,12/6/2024 2:35:06 PM
3906,7,1,5,8/24/2024 2:35:06 PM
3907,3,1,1,11/25/2024 2:35:06 PM
3908,7,1,1,10/6/2024 2:35:06 PM
3909,4,1,1,6/17/2024 2:35:06 PM
3910,5,1,1,12/12/2024 2:35:06 PM
3911,3,1,2,10/23/2024 2:35:06 PM
3912,7,1,5,1/14/2025 2:35:06 PM
3913,5,1,1,3/21/2025 2:35:06 PM
3914,1,1,2,3/29/2025 2:35:06 PM
3915,5,1,1,5/30/2024 2:35:06 PM
3916,1,1,3,12/14/2024 2:35:06 PM
3917,3,1,4,3/31/2024 2:35:06 PM
3918,4,1,3,1/28/2025 2:35:06 PM
3919,1,1,3,12/12/2024 2:35:06 PM
3920,5,1,5,8/23/2024 2:35:06 PM
3921,7,1,2,5/9/2024 2:35:06 PM
3922,3,1,2,12/12/2024 2:35:06 PM
3923,4,1,2,2/20/2025 2:35:06 PM
3924,6,1,4,11/27/2024 2:35:06 PM
3925,5,1,1,4/13/2024 2:35:06 PM
3926,4,1,5,2/9/2025 2:35:06 PM
3927,3,1,1,1/4/2025 2:35:06 PM
3928,3,1,5,2/27/2025 2:35:06 PM
3929,2,1,4,10/5/2024 2:35:06 PM
3930,6,1,5,2/8/2025 2:35:06 PM
3931,7,1,2,12/2/2024 2:35:06 PM
3932,4,1,2,1/22/2025 2:35:06 PM
3933,7,1,3,2/1/2025 2:35:06 PM
3934,4,1,3,8/19/2024 2:35:06 PM
3935,2,1,4,5/23/2024 2:35:06 PM
3936,2,1,1,2/23/2025 2:35:06 PM
3937,1,1,2,12/24/2024 2:35:06 PM
3938,5,1,4,12/22/2024 2:35:06 PM
3939,6,1,2,6/21/2024 2:35:06 PM
3940,1,1,3,2/17/2025 2:35:06 PM
3941,2,1,4,4/14/2024 2:35:06 PM
3942,7,1,2,7/6/2024 2:35:06 PM
3943,4,1,4,7/11/2024 2:35:06 PM
3944,1,1,3,1/28/2025 2:35:06 PM
3945,1,1,1,2/21/2025 2:35:06 PM
3946,2,1,4,10/16/2024 2:35:06 PM
3947,3,1,5,10/28/2024 2:35:06 PM
3948,3,1,3,3/26/2025 2:35:06 PM
3949,4,1,1,8/24/2024 2:35:06 PM
3950,3,1,3,1/12/2025 2:35:06 PM
3951,1,1,1,11/21/2024 2:35:06 PM
3952,7,1,1,11/12/2024 2:35:06 PM
3953,4,1,4,3/3/2025 2:35:06 PM
3954,7,1,4,1/20/2025 2:35:06 PM
3955,2,1,5,1/6/2025 2:35:06 PM
3956,4,1,5,1/27/2025 2:35:06 PM
3957,2,1,1,5/19/2024 2:35:06 PM
3958,5,1,3,1/18/2025 2:35:06 PM
3959,2,1,3,5/13/2024 2:35:06 PM
3960,2,1,3,8/10/2024 2:35:06 PM
3961,2,1,1,3/24/2025 2:35:06 PM
3962,2,1,2,1/28/2025 2:35:06 PM
3963,3,1,3,4/12/2024 2:35:06 PM
3964,7,1,5,1/18/2025 2:35:06 PM
3965,6,1,1,2/18/2025 2:35:06 PM
3966,2,1,3,9/2/2024 2:35:06 PM
3967,2,1,1,5/19/2024 2:35:06 PM
3968,4,1,4,5/2/2024 2:35:06 PM
3969,1,1,3,1/15/2025 2:35:06 PM
3970,7,1,2,10/8/2024 2:35:06 PM
3971,2,1,5,5/7/2024 2:35:06 PM
3972,7,1,5,1/17/2025 2:35:06 PM
3973,5,1,1,12/29/2024 2:35:06 PM
3974,2,1,2,8/29/2024 2:35:06 PM
3975,1,1,2,6/27/2024 2:35:06 PM
3976,3,1,1,6/18/2024 2:35:06 PM
3977,3,1,5,4/28/2024 2:35:06 PM
3978,5,1,1,3/29/2025 2:35:06 PM
3979,4,1,4,6/10/2024 2:35:06 PM
3980,3,1,2,12/5/2024 2:35:06 PM
3981,4,1,5,2/16/2025 2:35:06 PM
3982,5,1,3,11/12/2024 2:35:06 PM
3983,5,1,4,2/16/2025 2:35:06 PM
3984,1,1,1,10/9/2024 2:35:06 PM
3985,4,1,2,12/11/2024 2:35:06 PM
3986,4,1,3,9/17/2024 2:35:06 PM
3987,6,1,1,8/17/2024 2:35:06 PM
3988,4,1,3,1/3/2025 2:35:06 PM
3989,1,1,5,5/12/2024 2:35:06 PM
3990,5,1,4,6/16/2024 2:35:06 PM
3991,4,1,5,7/28/2024 2:35:06 PM
3992,5,1,3,8/22/2024 2:35:06 PM
3993,3,1,1,6/8/2024 2:35:06 PM
3994,4,1,2,11/13/2024 2:35:06 PM
3995,4,1,5,8/4/2024 2:35:06 PM
3996,1,1,5,6/17/2024 2:35:06 PM
3997,6,1,4,10/18/2024 2:35:06 PM
3998,6,1,4,11/13/2024 2:35:06 PM
3999,2,1,1,9/26/2024 2:35:06 PM
4000,1,1,2,8/3/2024 2:35:06 PM
4001,7,1,5,7/10/2024 2:35:06 PM
4002,3,1,2,8/6/2024 2:35:06 PM
4003,7,1,3,4/2/2024 2:35:06 PM
4004,4,1,5,2/20/2025 2:35:06 PM
4005,7,1,5,8/1/2024 2:35:06 PM
4006,1,1,1,7/31/2024 2:35:06 PM
4007,6,1,5,11/10/2024 2:35:06 PM
4008,1,1,5,10/6/2024 2:35:06 PM
4009,4,1,2,2/21/2025 2:35:06 PM
4010,2,1,5,5/6/2024 2:35:06 PM
4011,2,1,1,4/11/2024 2:35:06 PM
4012,3,1,4,2/9/2025 2:35:06 PM
4013,3,1,3,10/28/2024 2:35:06 PM
4014,4,1,1,4/22/2024 2:35:06 PM
4015,6,1,4,4/2/2024 2:35:06 PM
4016,4,1,2,1/18/2025 2:35:06 PM
4017,2,1,1,12/7/2024 2:35:06 PM
4018,5,1,5,1/22/2025 2:35:06 PM
4019,3,1,1,11/12/2024 2:35:06 PM
4020,2,1,3,2/4/2025 2:35:06 PM
4021,7,1,2,10/26/2024 2:35:06 PM
4022,3,1,1,10/20/2024 2:35:06 PM
4023,5,1,3,8/3/2024 2:35:06 PM
4024,2,1,5,2/24/2025 2:35:06 PM
4025,4,1,2,12/13/2024 2:35:06 PM
4026,3,1,1,8/1/2024 2:35:06 PM
4027,2,1,5,1/21/2025 2:35:06 PM
4028,5,1,5,6/28/2024 2:35:06 PM
4029,2,1,5,10/4/2024 2:35:06 PM
4030,1,1,1,5/2/2024 2:35:06 PM
4031,1,1,1,11/9/2024 2:35:06 PM
4032,7,1,1,10/13/2024 2:35:06 PM
4033,7,1,4,12/6/2024 2:35:06 PM
4034,5,1,3,4/27/2024 2:35:06 PM
4035,3,1,4,3/19/2025 2:35:06 PM
4036,6,1,2,7/12/2024 2:35:06 PM
4037,4,1,5,11/9/2024 2:35:06 PM
4038,2,1,1,4/18/2024 2:35:06 PM
4039,6,1,2,12/24/2024 2:35:06 PM
4040,4,1,2,2/5/2025 2:35:06 PM
4041,2,1,1,6/21/2024 2:35:06 PM
4042,1,1,2,10/12/2024 2:35:06 PM
4043,3,1,3,3/18/2025 2:35:06 PM
4044,7,1,3,5/21/2024 2:35:06 PM
4045,4,1,3,2/23/2025 2:35:06 PM
4046,1,1,3,3/16/2025 2:35:06 PM
4047,4,1,2,5/3/2024 2:35:06 PM
4048,6,1,3,1/4/2025 2:35:06 PM
4049,6,1,2,8/17/2024 2:35:06 PM
4050,5,1,5,1/2/2025 2:35:06 PM
4051,5,1,2,8/5/2024 2:35:06 PM
4052,2,1,4,5/6/2024 2:35:06 PM
4053,7,1,4,4/27/2024 2:35:06 PM
4054,7,1,2,4/9/2024 2:35:06 PM
4055,5,1,2,9/25/2024 2:35:06 PM
4056,5,1,4,4/2/2024 2:35:06 PM
4057,2,1,2,8/21/2024 2:35:06 PM
4058,6,1,3,12/8/2024 2:35:06 PM
4059,5,1,1,4/19/2024 2:35:06 PM
4060,5,1,5,8/25/2024 2:35:06 PM
4061,2,1,3,3/29/2025 2:35:06 PM
4062,6,1,5,11/24/2024 2:35:06 PM
4063,4,1,1,1/11/2025 2:35:06 PM
4064,5,1,4,10/29/2024 2:35:06 PM
4065,5,1,4,6/23/2024 2:35:06 PM
4066,3,1,1,2/27/2025 2:35:06 PM
4067,5,1,5,3/23/2025 2:35:06 PM
4068,7,1,5,5/25/2024 2:35:06 PM
4069,2,1,4,5/4/2024 2:35:06 PM
4070,1,1,2,7/15/2024 2:35:06 PM
4071,6,1,4,4/22/2024 2:35:06 PM
4072,7,1,2,4/17/2024 2:35:06 PM
4073,5,1,4,11/2/2024 2:35:06 PM
4074,5,1,3,4/14/2024 2:35:06 PM
4075,3,1,1,4/10/2024 2:35:06 PM
4076,4,1,2,8/15/2024 2:35:06 PM
4077,5,1,3,6/26/2024 2:35:06 PM
4078,6,1,4,9/14/2024 2:35:06 PM
4079,7,1,2,7/31/2024 2:35:06 PM
4080,7,1,5,8/16/2024 2:35:06 PM
4081,3,1,5,3/24/2025 2:35:06 PM
4082,3,1,2,6/9/2024 2:35:06 PM
4083,5,1,5,1/6/2025 2:35:06 PM
4084,4,1,2,7/19/2024 2:35:06 PM
4085,7,1,3,6/27/2024 2:35:06 PM
4086,7,1,3,7/6/2024 2:35:06 PM
4087,3,1,3,1/25/2025 2:35:06 PM
4088,3,1,1,2/26/2025 2:35:06 PM
4089,2,1,4,10/2/2024 2:35:06 PM
4090,5,1,1,11/23/2024 2:35:06 PM
4091,3,1,3,3/13/2025 2:35:06 PM
4092,6,1,1,7/23/2024 2:35:06 PM
4093,2,1,3,4/15/2024 2:35:06 PM
4094,2,1,5,5/30/2024 2:35:06 PM
4095,4,1,5,1/21/2025 2:35:06 PM
4096,5,1,5,4/21/2024 2:35:06 PM
4097,1,1,3,7/28/2024 2:35:06 PM
4098,1,1,5,4/9/2024 2:35:06 PM
4099,7,1,2,3/16/2025 2:35:06 PM
4100,2,1,4,12/17/2024 2:35:06 PM
4101,2,1,2,7/6/2024 2:35:06 PM
4102,5,1,5,1/24/2025 2:35:06 PM
4103,6,1,3,7/9/2024 2:35:06 PM
4104,3,1,4,8/1/2024 2:35:06 PM
4105,6,1,5,8/10/2024 2:35:06 PM
4106,3,1,2,2/20/2025 2:35:06 PM
4107,1,1,3,8/22/2024 2:35:06 PM
4108,5,1,3,8/1/2024 2:35:06 PM
4109,3,1,5,8/17/2024 2:35:06 PM
4110,1,1,1,4/19/2024 2:35:06 PM
4111,2,1,5,6/25/2024 2:35:06 PM
4112,2,1,2,9/11/2024 2:35:06 PM
4113,3,1,2,9/6/2024 2:35:06 PM
4114,2,1,5,4/6/2024 2:35:06 PM
4115,2,1,5,1/1/2025 2:35:06 PM
4116,6,1,3,2/8/2025 2:35:06 PM
4117,2,1,1,6/28/2024 2:35:06 PM
4118,5,1,2,12/5/2024 2:35:06 PM
4119,4,1,1,6/4/2024 2:35:06 PM
4120,5,1,1,7/31/2024 2:35:06 PM
4121,1,1,2,7/11/2024 2:35:06 PM
4122,2,1,1,6/25/2024 2:35:06 PM
4123,3,1,4,3/17/2025 2:35:06 PM
4124,2,1,2,1/13/2025 2:35:06 PM
4125,5,1,5,1/20/2025 2:35:06 PM
4126,5,1,3,12/9/2024 2:35:06 PM
4127,3,1,2,4/24/2024 2:35:06 PM
4128,6,1,5,7/27/2024 2:35:06 PM
4129,5,1,2,1/29/2025 2:35:06 PM
4130,4,1,1,9/12/2024 2:35:06 PM
4131,7,1,2,6/17/2024 2:35:06 PM
4132,5,1,5,11/27/2024 2:35:06 PM
4133,6,1,4,7/16/2024 2:35:06 PM
4134,4,1,3,10/21/2024 2:35:06 PM
4135,4,1,4,1/26/2025 2:35:06 PM
4136,3,1,3,10/21/2024 2:35:06 PM
4137,2,1,1,11/17/2024 2:35:06 PM
4138,3,1,4,2/23/2025 2:35:06 PM
4139,2,1,2,1/27/2025 2:35:06 PM
4140,7,1,5,11/29/2024 2:35:06 PM
4141,2,1,2,11/5/2024 2:35:06 PM
4142,1,1,3,7/25/2024 2:35:06 PM
4143,7,1,1,12/31/2024 2:35:06 PM
4144,2,1,4,9/5/2024 2:35:06 PM
4145,7,1,4,9/3/2024 2:35:06 PM
4146,4,1,2,10/2/2024 2:35:06 PM
4147,5,1,5,2/20/2025 2:35:06 PM
4148,7,1,3,8/10/2024 2:35:06 PM
4149,7,1,5,3/24/2025 2:35:06 PM
4150,5,1,2,5/23/2024 2:35:06 PM
4151,1,1,3,2/10/2025 2:35:06 PM
4152,4,1,3,2/22/2025 2:35:06 PM
4153,7,1,5,8/19/2024 2:35:06 PM
4154,3,1,5,4/29/2024 2:35:06 PM
4155,4,1,2,4/13/2024 2:35:06 PM
4156,5,1,3,10/26/2024 2:35:06 PM
4157,1,1,5,9/24/2024 2:35:06 PM
4158,1,1,4,11/18/2024 2:35:06 PM
4159,6,1,3,3/18/2025 2:35:06 PM
4160,5,1,4,7/23/2024 2:35:06 PM
4161,4,1,4,3/17/2025 2:35:06 PM
4162,5,1,1,7/19/2024 2:35:06 PM
4163,7,1,2,5/20/2024 2:35:06 PM
4164,2,1,3,4/27/2024 2:35:06 PM
4165,6,1,4,11/6/2024 2:35:06 PM
4166,1,1,3,7/5/2024 2:35:06 PM
4167,4,1,2,10/1/2024 2:35:06 PM
4168,5,1,2,2/18/2025 2:35:06 PM
4169,6,1,4,9/8/2024 2:35:06 PM
4170,2,1,3,1/24/2025 2:35:06 PM
4171,6,1,2,8/20/2024 2:35:06 PM
4172,5,1,2,7/29/2024 2:35:06 PM
4173,5,1,1,4/5/2024 2:35:06 PM
4174,2,1,1,4/20/2024 2:35:06 PM
4175,6,1,4,3/20/2025 2:35:06 PM
4176,2,1,2,3/25/2025 2:35:06 PM
4177,2,1,3,2/8/2025 2:35:06 PM
4178,6,1,5,1/19/2025 2:35:06 PM
4179,3,1,1,1/29/2025 2:35:06 PM
4180,5,1,2,11/22/2024 2:35:06 PM
4181,3,1,5,1/7/2025 2:35:06 PM
4182,1,1,4,10/18/2024 2:35:06 PM
4183,1,1,1,3/27/2025 2:35:06 PM
4184,4,1,5,2/11/2025 2:35:06 PM
4185,2,1,4,10/18/2024 2:35:06 PM
4186,2,1,4,9/9/2024 2:35:06 PM
4187,4,1,1,4/6/2024 2:35:06 PM
4188,5,1,5,4/23/2024 2:35:06 PM
4189,7,1,5,11/19/2024 2:35:06 PM
4190,3,1,1,5/25/2024 2:35:06 PM
4191,5,1,4,8/11/2024 2:35:06 PM
4192,1,1,1,3/5/2025 2:35:06 PM
4193,2,1,1,3/7/2025 2:35:06 PM
4194,6,1,3,9/12/2024 2:35:06 PM
4195,6,1,2,5/10/2024 2:35:06 PM
4196,2,1,2,1/18/2025 2:35:06 PM
4197,7,1,3,11/11/2024 2:35:06 PM
4198,5,1,2,8/9/2024 2:35:06 PM
4199,7,1,1,5/17/2024 2:35:06 PM
4200,5,1,2,10/28/2024 2:35:06 PM
4201,6,1,5,1/26/2025 2:35:06 PM
4202,1,1,2,4/4/2024 2:35:06 PM
4203,6,1,2,8/3/2024 2:35:06 PM
4204,3,1,1,8/17/2024 2:35:06 PM
4205,6,1,5,9/29/2024 2:35:06 PM
4206,4,1,4,10/12/2024 2:35:06 PM
4207,4,1,2,12/14/2024 2:35:06 PM
4208,3,1,5,10/15/2024 2:35:06 PM
4209,7,1,5,9/5/2024 2:35:06 PM
4210,3,1,2,10/25/2024 2:35:06 PM
4211,7,1,5,1/3/2025 2:35:06 PM
4212,6,1,1,9/15/2024 2:35:06 PM
4213,5,1,4,10/9/2024 2:35:06 PM
4214,3,1,1,2/10/2025 2:35:06 PM
4215,1,1,1,11/24/2024 2:35:06 PM
4216,1,1,1,2/2/2025 2:35:06 PM
4217,6,1,3,9/15/2024 2:35:06 PM
4218,3,1,5,5/21/2024 2:35:06 PM
4219,4,1,4,9/18/2024 2:35:06 PM
4220,3,1,4,8/15/2024 2:35:06 PM
4221,7,1,4,1/19/2025 2:35:06 PM
4222,6,1,3,10/31/2024 2:35:06 PM
4223,3,1,3,8/31/2024 2:35:06 PM
4224,4,1,2,5/14/2024 2:35:06 PM
4225,5,1,4,11/24/2024 2:35:06 PM
4226,7,1,4,10/16/2024 2:35:06 PM
4227,5,1,5,12/23/2024 2:35:06 PM
4228,4,1,5,9/6/2024 2:35:06 PM
4229,1,1,1,1/15/2025 2:35:06 PM
4230,5,1,5,6/7/2024 2:35:06 PM
4231,2,1,1,4/27/2024 2:35:06 PM
4232,6,1,3,2/1/2025 2:35:06 PM
4233,6,1,5,6/26/2024 2:35:06 PM
4234,1,1,3,11/9/2024 2:35:06 PM
4235,7,1,3,9/28/2024 2:35:06 PM
4236,6,1,3,12/2/2024 2:35:06 PM
4237,4,1,2,9/19/2024 2:35:06 PM
4238,4,1,4,3/21/2025 2:35:06 PM
4239,6,1,1,2/11/2025 2:35:06 PM
4240,4,1,5,1/7/2025 2:35:06 PM
4241,5,1,3,10/17/2024 2:35:06 PM
4242,6,1,5,2/7/2025 2:35:06 PM
4243,5,1,1,10/20/2024 2:35:06 PM
4244,2,1,2,4/8/2024 2:35:06 PM
4245,7,1,3,7/21/2024 2:35:06 PM
4246,7,1,2,1/3/2025 2:35:06 PM
4247,6,1,1,8/29/2024 2:35:06 PM
4248,6,1,1,10/10/2024 2:35:06 PM
4249,4,1,4,12/17/2024 2:35:06 PM
4250,7,1,5,5/11/2024 2:35:06 PM
4251,6,1,1,6/12/2024 2:35:06 PM
4252,4,1,2,3/4/2025 2:35:06 PM
4253,6,1,1,4/27/2024 2:35:06 PM
4254,3,1,4,4/21/2024 2:35:06 PM
4255,7,1,1,6/1/2024 2:35:06 PM
4256,4,1,5,10/3/2024 2:35:06 PM
4257,7,1,2,9/8/2024 2:35:06 PM
4258,6,1,3,5/9/2024 2:35:06 PM
4259,1,1,2,7/23/2024 2:35:06 PM
4260,4,1,1,10/31/2024 2:35:06 PM
4261,7,1,5,3/23/2025 2:35:06 PM
4262,3,1,2,1/10/2025 2:35:06 PM
4263,3,1,5,8/14/2024 2:35:06 PM
4264,6,1,2,6/12/2024 2:35:06 PM
4265,4,1,4,6/19/2024 2:35:06 PM
4266,4,1,3,3/12/2025 2:35:06 PM
4267,1,1,4,7/28/2024 2:35:06 PM
4268,3,1,3,8/24/2024 2:35:06 PM
4269,4,1,5,9/11/2024 2:35:06 PM
4270,5,1,1,3/31/2024 2:35:06 PM
4271,7,1,4,11/8/2024 2:35:06 PM
4272,5,1,4,6/17/2024 2:35:06 PM
4273,1,1,5,2/24/2025 2:35:06 PM
4274,7,1,4,3/24/2025 2:35:06 PM
4275,7,1,4,5/7/2024 2:35:06 PM
4276,5,1,1,6/25/2024 2:35:06 PM
4277,7,1,5,12/24/2024 2:35:06 PM
4278,5,1,1,12/6/2024 2:35:06 PM
4279,1,1,2,9/4/2024 2:35:06 PM
4280,5,1,2,6/16/2024 2:35:06 PM
4281,1,1,1,10/10/2024 2:35:06 PM
4282,5,1,1,1/1/2025 2:35:06 PM
4283,5,1,2,6/24/2024 2:35:06 PM
4284,1,1,3,7/19/2024 2:35:06 PM
4285,3,1,1,1/16/2025 2:35:06 PM
4286,7,1,3,3/23/2025 2:35:06 PM
4287,6,1,2,5/22/2024 2:35:06 PM
4288,1,1,3,2/13/2025 2:35:06 PM
4289,4,1,4,9/19/2024 2:35:06 PM
4290,5,1,2,9/24/2024 2:35:06 PM
4291,1,1,2,10/8/2024 2:35:06 PM
4292,6,1,4,11/18/2024 2:35:06 PM
4293,5,1,3,7/9/2024 2:35:06 PM
4294,3,1,3,8/27/2024 2:35:06 PM
4295,3,1,2,12/3/2024 2:35:06 PM
4296,6,1,4,3/27/2025 2:35:06 PM
4297,3,1,2,10/27/2024 2:35:06 PM
4298,6,1,1,11/13/2024 2:35:06 PM
4299,6,1,1,7/12/2024 2:35:06 PM
4300,7,1,4,2/4/2025 2:35:06 PM
4301,2,1,5,11/15/2024 2:35:06 PM
4302,4,1,4,10/16/2024 2:35:06 PM
4303,2,1,3,12/29/2024 2:35:06 PM
4304,2,1,2,11/28/2024 2:35:06 PM
4305,4,1,1,12/14/2024 2:35:06 PM
4306,1,1,1,3/7/2025 2:35:06 PM
4307,1,1,5,4/22/2024 2:35:06 PM
4308,6,1,1,6/1/2024 2:35:06 PM
4309,1,1,5,1/25/2025 2:35:06 PM
4310,2,1,4,4/17/2024 2:35:06 PM
4311,6,1,2,3/4/2025 2:35:06 PM
4312,7,1,1,1/13/2025 2:35:06 PM
4313,5,1,4,2/9/2025 2:35:06 PM
4314,5,1,2,5/4/2024 2:35:06 PM
4315,4,1,1,1/26/2025 2:35:06 PM
4316,4,1,5,6/15/2024 2:35:06 PM
4317,5,1,3,1/25/2025 2:35:06 PM
4318,6,1,3,12/21/2024 2:35:06 PM
4319,4,1,2,7/25/2024 2:35:06 PM
4320,4,1,5,4/30/2024 2:35:06 PM
4321,4,1,1,3/6/2025 2:35:06 PM
4322,6,1,5,5/8/2024 2:35:06 PM
4323,1,1,4,1/12/2025 2:35:06 PM
4324,2,1,5,4/28/2024 2:35:06 PM
4325,3,1,4,7/11/2024 2:35:06 PM
4326,6,1,4,6/10/2024 2:35:06 PM
4327,6,1,5,6/25/2024 2:35:06 PM
4328,4,1,3,2/10/2025 2:35:06 PM
4329,2,1,3,2/4/2025 2:35:06 PM
4330,3,1,3,11/13/2024 2:35:06 PM
4331,1,1,5,8/14/2024 2:35:06 PM
4332,7,1,1,5/2/2024 2:35:06 PM
4333,2,1,5,8/15/2024 2:35:06 PM
4334,7,1,5,9/21/2024 2:35:06 PM
4335,5,1,3,6/6/2024 2:35:06 PM
4336,6,1,4,3/8/2025 2:35:06 PM
4337,4,1,4,4/9/2024 2:35:06 PM
4338,4,1,4,7/14/2024 2:35:06 PM
4339,4,1,1,5/20/2024 2:35:06 PM
4340,4,1,2,9/19/2024 2:35:06 PM
4341,2,1,5,7/11/2024 2:35:06 PM
4342,4,1,2,6/12/2024 2:35:06 PM
4343,4,1,1,12/20/2024 2:35:06 PM
4344,4,1,2,1/5/2025 2:35:06 PM
4345,4,1,2,9/17/2024 2:35:06 PM
4346,6,1,3,3/20/2025 2:35:06 PM
4347,4,1,2,11/23/2024 2:35:06 PM
4348,3,1,1,7/16/2024 2:35:06 PM
4349,1,1,1,5/5/2024 2:35:06 PM
4350,5,1,5,3/10/2025 2:35:06 PM
4351,5,1,3,9/5/2024 2:35:06 PM
4352,6,1,2,1/11/2025 2:35:06 PM
4353,6,1,4,10/7/2024 2:35:06 PM
4354,6,1,2,2/18/2025 2:35:06 PM
4355,2,1,4,11/2/2024 2:35:06 PM
4356,3,1,5,2/19/2025 2:35:06 PM
4357,2,1,3,8/25/2024 2:35:06 PM
4358,2,1,1,3/10/2025 2:35:06 PM
4359,3,1,3,4/14/2024 2:35:06 PM
4360,5,1,2,12/7/2024 2:35:06 PM
4361,6,1,3,7/11/2024 2:35:06 PM
4362,2,1,5,11/27/2024 2:35:06 PM
4363,4,1,1,8/18/2024 2:35:06 PM
4364,6,1,5,4/11/2024 2:35:06 PM
4365,1,1,3,10/6/2024 2:35:06 PM
4366,4,1,4,6/3/2024 2:35:06 PM
4367,5,1,4,2/6/2025 2:35:06 PM
4368,3,1,4,12/2/2024 2:35:06 PM
4369,4,1,3,9/23/2024 2:35:06 PM
4370,2,1,1,2/14/2025 2:35:06 PM
4371,5,1,5,10/30/2024 2:35:06 PM
4372,2,1,3,3/28/2025 2:35:06 PM
4373,3,1,5,4/4/2024 2:35:06 PM
4374,3,1,5,1/9/2025 2:35:06 PM
4375,6,1,1,5/22/2024 2:35:06 PM
4376,1,1,5,1/12/2025 2:35:06 PM
4377,6,1,2,11/29/2024 2:35:06 PM
4378,3,1,1,12/31/2024 2:35:06 PM
4379,3,1,5,4/20/2024 2:35:06 PM
4380,7,1,2,7/25/2024 2:35:06 PM
4381,4,1,2,10/5/2024 2:35:06 PM
4382,7,1,1,11/14/2024 2:35:06 PM
4383,1,1,2,10/2/2024 2:35:06 PM
4384,2,1,4,10/1/2024 2:35:06 PM
4385,4,1,2,2/17/2025 2:35:06 PM
4386,5,1,2,1/28/2025 2:35:06 PM
4387,7,1,5,10/12/2024 2:35:06 PM
4388,3,1,5,8/24/2024 2:35:06 PM
4389,6,1,4,12/8/2024 2:35:06 PM
4390,3,1,1,4/5/2024 2:35:06 PM
4391,5,1,2,6/11/2024 2:35:06 PM
4392,2,1,5,8/24/2024 2:35:06 PM
4393,5,1,4,12/22/2024 2:35:06 PM
4394,4,1,3,11/24/2024 2:35:06 PM
4395,5,1,5,5/10/2024 2:35:06 PM
4396,5,1,2,8/16/2024 2:35:06 PM
4397,1,1,3,3/2/2025 2:35:06 PM
4398,2,1,5,4/12/2024 2:35:06 PM
4399,5,1,1,5/22/2024 2:35:06 PM
4400,3,1,5,8/5/2024 2:35:06 PM
4401,1,1,1,8/24/2024 2:35:06 PM
4402,2,1,4,12/25/2024 2:35:06 PM
4403,2,1,2,5/11/2024 2:35:06 PM
4404,7,1,5,3/2/2025 2:35:06 PM
4405,6,1,5,1/9/2025 2:35:06 PM
4406,2,1,5,2/12/2025 2:35:06 PM
4407,6,1,4,5/5/2024 2:35:06 PM
4408,4,1,5,7/21/2024 2:35:06 PM
4409,3,1,4,6/13/2024 2:35:06 PM
4410,3,1,1,6/15/2024 2:35:06 PM
4411,3,1,4,12/18/2024 2:35:06 PM
4412,5,1,4,5/22/2024 2:35:06 PM
4413,6,1,2,10/9/2024 2:35:06 PM
4414,6,1,1,5/13/2024 2:35:06 PM
4415,3,1,1,4/2/2024 2:35:06 PM
4416,2,1,1,5/23/2024 2:35:06 PM
4417,5,1,1,12/31/2024 2:35:06 PM
4418,4,1,1,12/31/2024 2:35:06 PM
4419,5,1,2,6/26/2024 2:35:06 PM
4420,5,1,5,5/24/2024 2:35:06 PM
4421,4,1,2,4/25/2024 2:35:06 PM
4422,1,1,3,2/17/2025 2:35:06 PM
4423,4,1,4,2/16/2025 2:35:06 PM
4424,6,1,4,11/18/2024 2:35:06 PM
4425,2,1,4,10/22/2024 2:35:06 PM
4426,7,1,3,9/16/2024 2:35:06 PM
4427,5,1,4,12/29/2024 2:35:06 PM
4428,6,1,1,5/18/2024 2:35:06 PM
4429,2,1,3,9/11/2024 2:35:06 PM
4430,1,1,1,3/17/2025 2:35:06 PM
4431,7,1,1,10/17/2024 2:35:06 PM
4432,6,1,5,12/12/2024 2:35:06 PM
4433,7,1,2,1/4/2025 2:35:06 PM
4434,4,1,3,6/26/2024 2:35:06 PM
4435,2,1,1,4/22/2024 2:35:06 PM
4436,3,1,3,4/27/2024 2:35:06 PM
4437,3,1,4,2/8/2025 2:35:06 PM
4438,2,1,5,5/21/2024 2:35:06 PM
4439,3,1,1,5/6/2024 2:35:06 PM
4440,3,1,3,12/23/2024 2:35:06 PM
4441,6,1,3,6/15/2024 2:35:06 PM
4442,6,1,1,5/4/2024 2:35:06 PM
4443,6,1,1,10/10/2024 2:35:06 PM
4444,3,1,3,1/8/2025 2:35:06 PM
4445,2,1,2,3/25/2025 2:35:06 PM
4446,3,1,1,6/13/2024 2:35:06 PM
4447,3,1,4,7/22/2024 2:35:06 PM
4448,4,1,3,12/12/2024 2:35:06 PM
4449,4,1,4,3/30/2024 2:35:06 PM
4450,4,1,5,1/31/2025 2:35:06 PM
4451,1,1,1,5/14/2024 2:35:06 PM
4452,1,1,4,10/20/2024 2:35:06 PM
4453,4,1,2,2/25/2025 2:35:06 PM
4454,2,1,1,7/19/2024 2:35:06 PM
4455,6,1,1,10/21/2024 2:35:06 PM
4456,3,1,5,8/1/2024 2:35:06 PM
4457,5,1,3,5/17/2024 2:35:06 PM
4458,6,1,5,3/31/2024 2:35:06 PM
4459,3,1,4,6/26/2024 2:35:06 PM
4460,6,1,2,12/4/2024 2:35:06 PM
4461,1,1,3,8/14/2024 2:35:06 PM
4462,5,1,1,11/29/2024 2:35:06 PM
4463,7,1,1,4/29/2024 2:35:06 PM
4464,1,1,3,10/5/2024 2:35:06 PM
4465,5,1,2,3/15/2025 2:35:06 PM
4466,7,1,4,12/28/2024 2:35:06 PM
4467,7,1,4,12/1/2024 2:35:06 PM
4468,1,1,5,10/17/2024 2:35:06 PM
4469,5,1,5,6/18/2024 2:35:06 PM
4470,6,1,5,2/26/2025 2:35:06 PM
4471,4,1,2,3/21/2025 2:35:06 PM
4472,4,1,2,10/31/2024 2:35:06 PM
4473,2,1,2,11/9/2024 2:35:06 PM
4474,6,1,1,2/7/2025 2:35:06 PM
4475,4,1,4,10/12/2024 2:35:06 PM
4476,3,1,1,11/3/2024 2:35:06 PM
4477,5,1,2,1/31/2025 2:35:06 PM
4478,6,1,1,9/21/2024 2:35:06 PM
4479,3,1,2,6/28/2024 2:35:06 PM
4480,7,1,5,8/17/2024 2:35:06 PM
4481,3,1,1,5/10/2024 2:35:06 PM
4482,7,1,3,10/3/2024 2:35:06 PM
4483,7,1,3,11/27/2024 2:35:06 PM
4484,7,1,4,11/4/2024 2:35:06 PM
4485,6,1,2,9/23/2024 2:35:06 PM
4486,3,1,5,6/8/2024 2:35:06 PM
4487,6,1,2,5/23/2024 2:35:06 PM
4488,4,1,4,1/24/2025 2:35:06 PM
4489,3,1,2,4/25/2024 2:35:06 PM
4490,3,1,5,12/4/2024 2:35:06 PM
4491,3,1,3,2/5/2025 2:35:06 PM
4492,4,1,5,2/15/2025 2:35:06 PM
4493,7,1,2,1/2/2025 2:35:06 PM
4494,5,1,2,11/5/2024 2:35:06 PM
4495,1,1,4,10/15/2024 2:35:06 PM
4496,3,1,4,12/20/2024 2:35:06 PM
4497,4,1,2,12/16/2024 2:35:06 PM
4498,7,1,1,8/20/2024 2:35:06 PM
4499,5,1,5,3/6/2025 2:35:06 PM
4500,2,1,2,11/2/2024 2:35:06 PM
4501,2,1,1,5/1/2024 2:35:06 PM
4502,3,1,5,2/12/2025 2:35:06 PM
4503,2,1,5,9/3/2024 2:35:06 PM
4504,7,1,3,2/9/2025 2:35:06 PM
4505,2,1,3,3/13/2025 2:35:06 PM
4506,5,1,5,12/3/2024 2:35:06 PM
4507,6,1,1,1/4/2025 2:35:06 PM
4508,1,1,2,3/14/2025 2:35:06 PM
4509,4,1,2,3/11/2025 2:35:06 PM
4510,2,1,3,5/16/2024 2:35:06 PM
4511,4,1,2,10/14/2024 2:35:06 PM
4512,1,1,3,2/3/2025 2:35:06 PM
4513,7,1,2,3/23/2025 2:35:06 PM
4514,2,1,2,7/8/2024 2:35:06 PM
4515,6,1,5,3/24/2025 2:35:06 PM
4516,2,1,3,8/12/2024 2:35:06 PM
4517,1,1,4,6/23/2024 2:35:06 PM
4518,7,1,5,2/16/2025 2:35:06 PM
4519,5,1,1,11/16/2024 2:35:06 PM
4520,3,1,2,12/24/2024 2:35:06 PM
4521,6,1,4,12/12/2024 2:35:06 PM
4522,3,1,5,10/15/2024 2:35:06 PM
4523,2,1,3,9/12/2024 2:35:06 PM
4524,3,1,1,11/1/2024 2:35:06 PM
4525,4,1,4,6/14/2024 2:35:06 PM
4526,4,1,4,9/28/2024 2:35:06 PM
4527,7,1,5,6/1/2024 2:35:06 PM
4528,7,1,2,11/3/2024 2:35:06 PM
4529,7,1,3,1/4/2025 2:35:06 PM
4530,2,1,4,10/29/2024 2:35:06 PM
4531,1,1,1,3/22/2025 2:35:06 PM
4532,1,1,2,1/8/2025 2:35:06 PM
4533,6,1,3,5/22/2024 2:35:06 PM
4534,6,1,5,10/8/2024 2:35:06 PM
4535,4,1,3,11/5/2024 2:35:06 PM
4536,2,1,3,12/20/2024 2:35:06 PM
4537,6,1,5,5/6/2024 2:35:06 PM
4538,3,1,1,10/1/2024 2:35:06 PM
4539,4,1,1,8/11/2024 2:35:06 PM
4540,7,1,3,8/3/2024 2:35:06 PM
4541,5,1,4,4/30/2024 2:35:06 PM
4542,5,1,4,9/25/2024 2:35:06 PM
4543,5,1,5,8/3/2024 2:35:06 PM
4544,6,1,1,7/21/2024 2:35:06 PM
4545,7,1,2,7/2/2024 2:35:06 PM
4546,6,1,1,11/21/2024 2:35:06 PM
4547,3,1,4,11/13/2024 2:35:06 PM
4548,4,1,5,9/30/2024 2:35:06 PM
4549,2,1,4,5/19/2024 2:35:06 PM
4550,5,1,3,1/26/2025 2:35:06 PM
4551,5,1,1,12/28/2024 2:35:06 PM
4552,4,1,5,8/12/2024 2:35:06 PM
4553,4,1,5,1/8/2025 2:35:06 PM
4554,6,1,3,4/19/2024 2:35:06 PM
4555,5,1,4,11/19/2024 2:35:06 PM
4556,4,1,4,12/6/2024 2:35:06 PM
4557,7,1,5,2/23/2025 2:35:06 PM
4558,6,1,4,9/5/2024 2:35:06 PM
4559,1,1,4,1/5/2025 2:35:06 PM
4560,4,1,3,10/13/2024 2:35:06 PM
4561,6,1,3,4/21/2024 2:35:06 PM
4562,6,1,2,2/10/2025 2:35:06 PM
4563,5,1,5,10/18/2024 2:35:06 PM
4564,5,1,2,3/18/2025 2:35:06 PM
4565,2,1,3,7/27/2024 2:35:06 PM
4566,5,1,2,7/22/2024 2:35:06 PM
4567,4,1,3,1/6/2025 2:35:06 PM
4568,7,1,3,1/21/2025 2:35:06 PM
4569,2,1,2,6/20/2024 2:35:06 PM
4570,7,1,3,4/29/2024 2:35:06 PM
4571,1,1,2,12/26/2024 2:35:06 PM
4572,2,1,1,3/9/2025 2:35:06 PM
4573,3,1,3,10/14/2024 2:35:06 PM
4574,6,1,1,11/2/2024 2:35:06 PM
4575,5,1,5,8/9/2024 2:35:06 PM
4576,7,1,2,10/15/2024 2:35:06 PM
4577,1,1,3,8/7/2024 2:35:06 PM
4578,6,1,1,7/29/2024 2:35:06 PM
4579,6,1,2,3/22/2025 2:35:06 PM
4580,4,1,4,1/25/2025 2:35:06 PM
4581,6,1,4,6/27/2024 2:35:06 PM
4582,7,1,2,1/12/2025 2:35:06 PM
4583,4,1,3,11/2/2024 2:35:06 PM
4584,4,1,1,9/18/2024 2:35:06 PM
4585,6,1,1,6/13/2024 2:35:06 PM
4586,3,1,2,12/30/2024 2:35:06 PM
4587,5,1,5,8/30/2024 2:35:06 PM
4588,3,1,4,5/10/2024 2:35:06 PM
4589,7,1,2,11/9/2024 2:35:06 PM
4590,5,1,2,10/25/2024 2:35:06 PM
4591,1,1,4,5/9/2024 2:35:06 PM
4592,2,1,4,6/24/2024 2:35:06 PM
4593,3,1,5,1/21/2025 2:35:06 PM
4594,7,1,5,11/13/2024 2:35:06 PM
4595,6,1,3,7/2/2024 2:35:06 PM
4596,2,1,4,1/12/2025 2:35:06 PM
4597,2,1,1,9/15/2024 2:35:06 PM
4598,2,1,1,7/1/2024 2:35:06 PM
4599,3,1,1,4/12/2024 2:35:06 PM
4600,6,1,4,2/3/2025 2:35:06 PM
4601,4,1,4,2/26/2025 2:35:06 PM
4602,6,1,4,7/17/2024 2:35:06 PM
4603,7,1,1,11/17/2024 2:35:06 PM
4604,5,1,4,7/21/2024 2:35:06 PM
4605,4,1,1,5/26/2024 2:35:06 PM
4606,6,1,1,11/24/2024 2:35:06 PM
4607,3,1,4,6/26/2024 2:35:06 PM
4608,6,1,2,8/8/2024 2:35:06 PM
4609,3,1,3,12/2/2024 2:35:06 PM
4610,5,1,3,12/13/2024 2:35:06 PM
4611,1,1,1,7/7/2024 2:35:06 PM
4612,1,1,3,9/4/2024 2:35:06 PM
4613,3,1,5,1/4/2025 2:35:06 PM
4614,3,1,5,3/30/2024 2:35:06 PM
4615,7,1,2,9/11/2024 2:35:06 PM
4616,6,1,4,6/8/2024 2:35:06 PM
4617,1,1,5,7/24/2024 2:35:06 PM
4618,5,1,4,3/8/2025 2:35:06 PM
4619,5,1,2,9/6/2024 2:35:06 PM
4620,2,1,3,11/2/2024 2:35:06 PM
4621,2,1,2,4/18/2024 2:35:06 PM
4622,2,1,2,6/7/2024 2:35:06 PM
4623,4,1,1,11/4/2024 2:35:06 PM
4624,3,1,5,10/4/2024 2:35:06 PM
4625,4,1,2,3/26/2025 2:35:06 PM
4626,6,1,2,4/30/2024 2:35:06 PM
4627,2,1,3,4/27/2024 2:35:06 PM
4628,1,1,1,10/27/2024 2:35:06 PM
4629,3,1,5,9/13/2024 2:35:06 PM
4630,3,1,5,8/6/2024 2:35:06 PM
4631,1,1,3,7/3/2024 2:35:06 PM
4632,6,1,4,3/18/2025 2:35:06 PM
4633,5,1,2,12/27/2024 2:35:06 PM
4634,3,1,1,10/14/2024 2:35:06 PM
4635,5,1,4,9/10/2024 2:35:06 PM
4636,1,1,4,12/28/2024 2:35:06 PM
4637,7,1,3,2/4/2025 2:35:06 PM
4638,5,1,2,5/5/2024 2:35:06 PM
4639,1,1,2,12/7/2024 2:35:06 PM
4640,5,1,5,2/9/2025 2:35:06 PM
4641,6,1,2,8/13/2024 2:35:06 PM
4642,3,1,3,4/6/2024 2:35:06 PM
4643,1,1,1,1/20/2025 2:35:06 PM
4644,3,1,2,1/3/2025 2:35:06 PM
4645,4,1,1,8/5/2024 2:35:06 PM
4646,2,1,5,10/28/2024 2:35:06 PM
4647,5,1,4,5/24/2024 2:35:06 PM
4648,7,1,5,2/11/2025 2:35:06 PM
4649,3,1,2,8/22/2024 2:35:06 PM
4650,2,1,4,12/24/2024 2:35:06 PM
4651,2,1,5,4/20/2024 2:35:06 PM
4652,4,1,5,5/19/2024 2:35:06 PM
4653,3,1,4,11/9/2024 2:35:06 PM
4654,1,1,1,11/12/2024 2:35:06 PM
4655,6,1,4,8/27/2024 2:35:06 PM
4656,5,1,3,6/25/2024 2:35:06 PM
4657,1,1,1,6/30/2024 2:35:06 PM
4658,1,1,3,2/24/2025 2:35:06 PM
4659,7,1,3,4/10/2024 2:35:06 PM
4660,1,1,2,8/9/2024 2:35:06 PM
4661,2,1,1,10/3/2024 2:35:06 PM
4662,6,1,1,9/4/2024 2:35:06 PM
4663,4,1,3,10/9/2024 2:35:06 PM
4664,3,1,5,12/21/2024 2:35:06 PM
4665,3,1,2,10/3/2024 2:35:06 PM
4666,5,1,3,1/20/2025 2:35:06 PM
4667,7,1,4,9/12/2024 2:35:06 PM
4668,2,1,4,10/9/2024 2:35:06 PM
4669,1,1,5,8/24/2024 2:35:06 PM
4670,6,1,5,12/27/2024 2:35:06 PM
4671,5,1,1,1/25/2025 2:35:06 PM
4672,1,1,1,10/14/2024 2:35:06 PM
4673,5,1,4,1/25/2025 2:35:06 PM
4674,5,1,5,12/1/2024 2:35:06 PM
4675,4,1,2,1/4/2025 2:35:06 PM
4676,5,1,3,4/4/2024 2:35:06 PM
4677,5,1,1,2/23/2025 2:35:06 PM
4678,4,1,2,6/2/2024 2:35:06 PM
4679,6,1,1,6/3/2024 2:35:06 PM
4680,5,1,1,9/3/2024 2:35:06 PM
4681,4,1,4,12/19/2024 2:35:06 PM
4682,3,1,1,2/27/2025 2:35:06 PM
4683,4,1,4,3/8/2025 2:35:06 PM
4684,4,1,5,6/23/2024 2:35:06 PM
4685,2,1,3,12/3/2024 2:35:06 PM
4686,6,1,3,10/21/2024 2:35:06 PM
4687,7,1,3,9/21/2024 2:35:06 PM
4688,1,1,5,10/25/2024 2:35:06 PM
4689,7,1,1,4/11/2024 2:35:06 PM
4690,2,1,2,8/1/2024 2:35:06 PM
4691,6,1,5,8/22/2024 2:35:06 PM
4692,5,1,4,7/27/2024 2:35:06 PM
4693,5,1,4,2/24/2025 2:35:06 PM
4694,2,1,4,1/17/2025 2:35:06 PM
4695,1,1,1,2/7/2025 2:35:06 PM
4696,5,1,5,7/6/2024 2:35:06 PM
4697,4,1,5,2/26/2025 2:35:06 PM
4698,7,1,2,9/29/2024 2:35:06 PM
4699,3,1,3,4/23/2024 2:35:06 PM
4700,4,1,2,5/12/2024 2:35:06 PM
4701,1,1,4,7/17/2024 2:35:06 PM
4702,3,1,5,9/26/2024 2:35:06 PM
4703,2,1,3,12/8/2024 2:35:06 PM
4704,7,1,5,2/12/2025 2:35:06 PM
4705,5,1,2,5/9/2024 2:35:06 PM
4706,1,1,5,12/26/2024 2:35:06 PM
4707,5,1,3,3/19/2025 2:35:06 PM
4708,6,1,1,12/21/2024 2:35:06 PM
4709,3,1,4,1/19/2025 2:35:06 PM
4710,4,1,5,2/8/2025 2:35:06 PM
4711,1,1,5,7/10/2024 2:35:06 PM
4712,4,1,1,6/17/2024 2:35:06 PM
4713,1,1,3,3/22/2025 2:35:06 PM
4714,1,1,4,1/18/2025 2:35:06 PM
4715,6,1,5,6/26/2024 2:35:06 PM
4716,3,1,1,5/13/2024 2:35:06 PM
4717,4,1,5,1/6/2025 2:35:06 PM
4718,1,1,3,3/21/2025 2:35:06 PM
4719,2,1,5,11/19/2024 2:35:06 PM
4720,3,1,2,11/12/2024 2:35:06 PM
4721,7,1,5,4/10/2024 2:35:06 PM
4722,3,1,5,11/17/2024 2:35:06 PM
4723,7,1,1,12/16/2024 2:35:06 PM
4724,7,1,4,1/3/2025 2:35:06 PM
4725,3,1,1,7/31/2024 2:35:06 PM
4726,4,1,3,7/3/2024 2:35:06 PM
4727,6,1,5,6/24/2024 2:35:06 PM
4728,4,1,1,1/4/2025 2:35:06 PM
4729,7,1,3,11/3/2024 2:35:06 PM
4730,6,1,1,2/9/2025 2:35:06 PM
4731,5,1,3,4/27/2024 2:35:06 PM
4732,5,1,1,3/23/2025 2:35:06 PM
4733,2,1,5,10/1/2024 2:35:06 PM
4734,6,1,2,12/26/2024 2:35:06 PM
4735,6,1,4,10/30/2024 2:35:06 PM
4736,4,1,2,8/29/2024 2:35:06 PM
4737,4,1,1,2/14/2025 2:35:06 PM
4738,7,1,2,1/20/2025 2:35:06 PM
4739,2,1,3,1/4/2025 2:35:06 PM
4740,6,1,4,7/11/2024 2:35:06 PM
4741,6,1,2,2/18/2025 2:35:06 PM
4742,4,1,5,11/21/2024 2:35:06 PM
4743,5,1,5,5/10/2024 2:35:06 PM
4744,3,1,5,10/15/2024 2:35:06 PM
4745,7,1,2,6/10/2024 2:35:06 PM
4746,4,1,1,4/16/2024 2:35:06 PM
4747,5,1,4,2/19/2025 2:35:06 PM
4748,6,1,5,9/21/2024 2:35:06 PM
4749,7,1,2,10/9/2024 2:35:06 PM
4750,3,1,1,2/10/2025 2:35:06 PM
4751,6,1,1,5/31/2024 2:35:06 PM
4752,6,1,5,9/12/2024 2:35:06 PM
4753,5,1,1,6/9/2024 2:35:06 PM
4754,1,1,1,6/10/2024 2:35:06 PM
4755,1,1,3,11/27/2024 2:35:06 PM
4756,4,1,2,5/12/2024 2:35:06 PM
4757,7,1,3,6/12/2024 2:35:06 PM
4758,1,1,4,7/7/2024 2:35:06 PM
4759,7,1,1,8/30/2024 2:35:06 PM
4760,5,1,2,2/4/2025 2:35:06 PM
4761,3,1,2,10/12/2024 2:35:06 PM
4762,3,1,2,4/16/2024 2:35:06 PM
4763,7,1,3,12/3/2024 2:35:06 PM
4764,5,1,1,12/23/2024 2:35:06 PM
4765,3,1,5,1/19/2025 2:35:06 PM
4766,3,1,2,10/20/2024 2:35:06 PM
4767,6,1,5,10/31/2024 2:35:06 PM
4768,1,1,5,1/17/2025 2:35:06 PM
4769,3,1,3,7/7/2024 2:35:06 PM
4770,2,1,5,8/23/2024 2:35:06 PM
4771,5,1,5,2/26/2025 2:35:06 PM
4772,1,1,1,10/12/2024 2:35:06 PM
4773,2,1,4,6/16/2024 2:35:06 PM
4774,2,1,5,11/12/2024 2:35:06 PM
4775,5,1,2,8/6/2024 2:35:06 PM
4776,3,1,5,12/1/2024 2:35:06 PM
4777,2,1,2,2/8/2025 2:35:06 PM
4778,3,1,4,12/24/2024 2:35:06 PM
4779,1,1,3,11/22/2024 2:35:06 PM
4780,2,1,5,12/30/2024 2:35:06 PM
4781,4,1,3,9/25/2024 2:35:06 PM
4782,5,1,4,1/13/2025 2:35:06 PM
4783,1,1,4,11/26/2024 2:35:06 PM
4784,2,1,3,9/7/2024 2:35:06 PM
4785,5,1,4,11/11/2024 2:35:06 PM
4786,1,1,5,9/9/2024 2:35:06 PM
4787,1,1,1,1/28/2025 2:35:06 PM
4788,1,1,2,9/12/2024 2:35:06 PM
4789,4,1,1,11/30/2024 2:35:06 PM
4790,7,1,3,7/4/2024 2:35:06 PM
4791,4,1,1,6/17/2024 2:35:06 PM
4792,5,1,1,12/13/2024 2:35:06 PM
4793,4,1,5,11/7/2024 2:35:06 PM
4794,6,1,4,2/18/2025 2:35:06 PM
4795,4,1,3,6/5/2024 2:35:06 PM
4796,6,1,4,3/21/2025 2:35:06 PM
4797,6,1,1,12/5/2024 2:35:06 PM
4798,1,1,4,6/4/2024 2:35:06 PM
4799,2,1,1,2/28/2025 2:35:06 PM
4800,5,1,4,10/4/2024 2:35:06 PM
4801,1,1,4,3/26/2025 2:35:06 PM
4802,1,1,4,1/14/2025 2:35:06 PM
4803,7,1,2,12/21/2024 2:35:06 PM
4804,7,1,2,8/13/2024 2:35:06 PM
4805,6,1,5,4/10/2024 2:35:06 PM
4806,4,1,1,6/9/2024 2:35:06 PM
4807,6,1,2,6/24/2024 2:35:06 PM
4808,4,1,5,11/7/2024 2:35:06 PM
4809,5,1,4,2/6/2025 2:35:06 PM
4810,1,1,3,6/13/2024 2:35:06 PM
4811,4,1,4,6/30/2024 2:35:06 PM
4812,7,1,4,3/9/2025 2:35:06 PM
4813,6,1,3,5/13/2024 2:35:06 PM
4814,4,1,3,5/29/2024 2:35:06 PM
4815,6,1,3,10/25/2024 2:35:06 PM
4816,2,1,1,1/1/2025 2:35:06 PM
4817,6,1,2,3/2/2025 2:35:06 PM
4818,5,1,4,9/26/2024 2:35:06 PM
4819,6,1,4,7/10/2024 2:35:06 PM
4820,3,1,1,12/14/2024 2:35:06 PM
4821,4,1,3,9/14/2024 2:35:06 PM
4822,3,1,3,3/7/2025 2:35:06 PM
4823,6,1,5,5/13/2024 2:35:06 PM
4824,3,1,5,3/4/2025 2:35:06 PM
4825,7,1,2,12/11/2024 2:35:06 PM
4826,2,1,4,9/4/2024 2:35:06 PM
4827,1,1,4,4/9/2024 2:35:06 PM
4828,2,1,1,11/25/2024 2:35:06 PM
4829,5,1,2,3/9/2025 2:35:06 PM
4830,1,1,3,3/1/2025 2:35:06 PM
4831,1,1,3,3/31/2024 2:35:06 PM
4832,3,1,4,3/26/2025 2:35:06 PM
4833,6,1,1,10/8/2024 2:35:06 PM
4834,1,1,2,12/9/2024 2:35:06 PM
4835,5,1,3,2/20/2025 2:35:06 PM
4836,3,1,5,1/28/2025 2:35:06 PM
4837,4,1,2,6/8/2024 2:35:06 PM
4838,6,1,1,6/16/2024 2:35:06 PM
4839,6,1,4,4/29/2024 2:35:06 PM
4840,4,1,2,2/4/2025 2:35:06 PM
4841,7,1,2,1/19/2025 2:35:06 PM
4842,7,1,4,12/20/2024 2:35:06 PM
4843,3,1,1,5/15/2024 2:35:06 PM
4844,3,1,4,2/16/2025 2:35:06 PM
4845,4,1,3,11/30/2024 2:35:06 PM
4846,4,1,2,12/11/2024 2:35:06 PM
4847,4,1,4,7/30/2024 2:35:06 PM
4848,6,1,2,4/1/2024 2:35:06 PM
4849,5,1,1,10/31/2024 2:35:06 PM
4850,1,1,5,8/21/2024 2:35:06 PM
4851,1,1,4,3/14/2025 2:35:06 PM
4852,5,1,5,9/19/2024 2:35:06 PM
4853,4,1,4,10/12/2024 2:35:06 PM
4854,4,1,4,2/10/2025 2:35:06 PM
4855,1,1,4,3/13/2025 2:35:06 PM
4856,3,1,3,4/21/2024 2:35:06 PM
4857,2,1,3,4/18/2024 2:35:06 PM
4858,2,1,3,6/30/2024 2:35:06 PM
4859,7,1,3,10/29/2024 2:35:06 PM
4860,5,1,4,7/27/2024 2:35:06 PM
4861,1,1,5,4/2/2024 2:35:06 PM
4862,7,1,4,3/23/2025 2:35:06 PM
4863,1,1,5,2/2/2025 2:35:06 PM
4864,6,1,5,1/31/2025 2:35:06 PM
4865,3,1,3,4/23/2024 2:35:06 PM
4866,2,1,1,9/2/2024 2:35:06 PM
4867,3,1,5,3/7/2025 2:35:06 PM
4868,3,1,4,4/9/2024 2:35:06 PM
4869,7,1,5,5/31/2024 2:35:06 PM
4870,7,1,2,11/5/2024 2:35:06 PM
4871,6,1,1,8/5/2024 2:35:06 PM
4872,4,1,4,11/16/2024 2:35:06 PM
4873,3,1,5,7/20/2024 2:35:06 PM
4874,3,1,4,6/21/2024 2:35:06 PM
4875,5,1,4,7/8/2024 2:35:06 PM
4876,3,1,5,6/21/2024 2:35:06 PM
4877,6,1,2,4/11/2024 2:35:06 PM
4878,1,1,5,12/20/2024 2:35:06 PM
4879,6,1,5,1/2/2025 2:35:06 PM
4880,2,1,3,6/4/2024 2:35:06 PM
4881,6,1,3,9/19/2024 2:35:06 PM
4882,2,1,3,7/12/2024 2:35:06 PM
4883,1,1,2,9/5/2024 2:35:06 PM
4884,2,1,5,4/10/2024 2:35:06 PM
4885,4,1,2,11/10/2024 2:35:06 PM
4886,1,1,1,11/27/2024 2:35:06 PM
4887,7,1,2,5/6/2024 2:35:06 PM
4888,1,1,3,10/26/2024 2:35:06 PM
4889,4,1,5,12/13/2024 2:35:06 PM
4890,4,1,2,9/7/2024 2:35:06 PM
4891,3,1,3,10/12/2024 2:35:06 PM
4892,3,1,1,1/8/2025 2:35:06 PM
4893,5,1,4,3/30/2024 2:35:06 PM
4894,7,1,2,9/26/2024 2:35:06 PM
4895,1,1,2,8/13/2024 2:35:06 PM
4896,6,1,3,5/15/2024 2:35:06 PM
4897,6,1,3,11/20/2024 2:35:06 PM
4898,3,1,1,8/27/2024 2:35:06 PM
4899,2,1,1,1/24/2025 2:35:06 PM
4900,2,1,3,1/16/2025 2:35:06 PM
4901,1,1,5,3/28/2025 2:35:06 PM
4902,1,1,1,2/21/2025 2:35:06 PM
4903,3,1,4,11/15/2024 2:35:06 PM
4904,1,1,4,8/17/2024 2:35:06 PM
4905,4,1,3,6/12/2024 2:35:06 PM
4906,4,1,4,10/3/2024 2:35:06 PM
4907,5,1,3,7/10/2024 2:35:06 PM
4908,7,1,4,7/25/2024 2:35:06 PM
4909,4,1,5,6/18/2024 2:35:06 PM
4910,3,1,3,12/6/2024 2:35:06 PM
4911,7,1,1,9/17/2024 2:35:06 PM
4912,5,1,1,12/23/2024 2:35:06 PM
4913,1,1,5,10/20/2024 2:35:06 PM
4914,4,1,1,1/24/2025 2:35:06 PM
4915,2,1,4,10/13/2024 2:35:06 PM
4916,7,1,1,4/20/2024 2:35:06 PM
4917,3,1,2,7/8/2024 2:35:06 PM
4918,2,1,5,4/30/2024 2:35:06 PM
4919,4,1,4,3/14/2025 2:35:06 PM
4920,6,1,5,7/29/2024 2:35:06 PM
4921,2,1,3,10/6/2024 2:35:06 PM
4922,7,1,4,3/3/2025 2:35:06 PM
4923,5,1,3,10/2/2024 2:35:06 PM
4924,2,1,4,6/21/2024 2:35:06 PM
4925,6,1,3,3/19/2025 2:35:06 PM
4926,7,1,1,3/21/2025 2:35:06 PM
4927,4,1,2,8/23/2024 2:35:06 PM
4928,1,1,4,6/16/2024 2:35:06 PM
4929,2,1,4,6/12/2024 2:35:06 PM
4930,7,1,3,4/14/2024 2:35:06 PM
4931,7,1,3,5/27/2024 2:35:06 PM
4932,4,1,2,7/29/2024 2:35:06 PM
4933,4,1,4,12/17/2024 2:35:06 PM
4934,1,1,1,8/16/2024 2:35:06 PM
4935,6,1,3,6/25/2024 2:35:06 PM
4936,4,1,4,1/1/2025 2:35:06 PM
4937,6,1,3,3/8/2025 2:35:06 PM
4938,1,1,2,7/12/2024 2:35:06 PM
4939,3,1,5,9/11/2024 2:35:06 PM
4940,4,1,3,1/20/2025 2:35:06 PM
4941,4,1,2,1/17/2025 2:35:06 PM
4942,6,1,5,1/5/2025 2:35:06 PM
4943,2,1,2,4/4/2024 2:35:06 PM
4944,4,1,4,3/2/2025 2:35:06 PM
4945,3,1,4,1/9/2025 2:35:06 PM
4946,4,1,5,2/2/2025 2:35:06 PM
4947,3,1,3,12/28/2024 2:35:06 PM
4948,1,1,2,11/28/2024 2:35:06 PM
4949,6,1,1,7/7/2024 2:35:06 PM
4950,1,1,3,8/25/2024 2:35:06 PM
4951,4,1,4,12/23/2024 2:35:06 PM
4952,5,1,4,1/27/2025 2:35:06 PM
4953,3,1,3,9/2/2024 2:35:06 PM
4954,1,1,5,10/30/2024 2:35:06 PM
4955,2,1,3,6/21/2024 2:35:06 PM
4956,5,1,2,7/31/2024 2:35:06 PM
4957,6,1,4,5/24/2024 2:35:06 PM
4958,1,1,1,3/2/2025 2:35:06 PM
4959,7,1,5,1/2/2025 2:35:06 PM
4960,4,1,5,3/25/2025 2:35:06 PM
4961,5,1,4,10/7/2024 2:35:06 PM
4962,5,1,2,1/11/2025 2:35:06 PM
4963,4,1,3,2/8/2025 2:35:06 PM
4964,4,1,1,6/3/2024 2:35:06 PM
4965,3,1,3,3/10/2025 2:35:06 PM
4966,1,1,5,11/15/2024 2:35:06 PM
4967,4,1,5,6/6/2024 2:35:06 PM
4968,3,1,5,11/9/2024 2:35:06 PM
4969,6,1,5,12/23/2024 2:35:06 PM
4970,4,1,3,10/23/2024 2:35:06 PM
4971,6,1,4,1/30/2025 2:35:06 PM
4972,7,1,5,5/19/2024 2:35:06 PM
4973,4,1,3,3/28/2025 2:35:06 PM
4974,7,1,4,2/23/2025 2:35:06 PM
4975,4,1,4,1/23/2025 2:35:06 PM
4976,4,1,3,6/9/2024 2:35:06 PM
4977,4,1,4,6/27/2024 2:35:06 PM
4978,5,1,4,7/11/2024 2:35:06 PM
4979,1,1,4,4/18/2024 2:35:06 PM
4980,6,1,2,1/15/2025 2:35:06 PM
4981,7,1,3,5/1/2024 2:35:06 PM
4982,3,1,4,8/9/2024 2:35:06 PM
4983,2,1,4,11/25/2024 2:35:06 PM
4984,4,1,1,8/13/2024 2:35:06 PM
4985,4,1,4,3/14/2025 2:35:06 PM
4986,5,1,2,1/25/2025 2:35:06 PM
4987,6,1,4,1/1/2025 2:35:06 PM
4988,2,1,2,9/17/2024 2:35:06 PM
4989,5,1,1,2/22/2025 2:35:06 PM
4990,3,1,1,4/5/2024 2:35:06 PM
4991,3,1,1,5/8/2024 2:35:06 PM
4992,3,1,2,4/27/2024 2:35:06 PM
4993,6,1,4,12/10/2024 2:35:06 PM
4994,3,1,5,1/3/2025 2:35:06 PM
4995,1,1,1,5/29/2024 2:35:06 PM
4996,2,1,2,10/7/2024 2:35:06 PM
4997,7,1,1,2/20/2025 2:35:06 PM
4998,5,1,4,11/29/2024 2:35:06 PM
4999,5,1,2,3/3/2025 2:35:06 PM
5000,5,1,5,7/11/2024 2:35:06 PM
